Workbook

Sheet ปกรายงาน
A3: สรุปยอดขาย
A4: เดือน พฤษภาคม 2569
A11: บริษัทเบสท์เวิลด์ อินเตอร์พลาส จำกัด
A12: BEST WORLD INTERPLAS CO.,LTD.

Sheet กราฟยอดขาย 69
F8: ปี57
F9: ปี68 | G9: ปี69
E10: ม.ค. | F10: =+D60 -> 489981.28 | G10: =+H60 -> 558941.06
E11: ก.พ. | F11: =+D61 -> 538468.56 | G11: =+H61 -> 561976.65
E12: มี.ค. | F12: =+D62 -> 656094.53 | G12: =+H62 -> 653338.81
E13: เม.ย. | F13: =+D63 -> 571816.38 | G13: =+H63 -> 720476.77
E14: พ.ค. | F14: =+D64 -> 609063.32 | G14: =+H64 -> 645959.6
E15: มิ.ย. | F15: =+D65 -> 518142.92 | G15: =+H65 -> 0
E16: ก.ค. | F16: =+D66 -> 598462.12 | G16: =+H66 -> 0
E17: ส.ค. | F17: =+D67 -> 537848.67 | G17: =+H67 -> 0
E18: ก.ย. | F18: =+D68 -> 569528.1 | G18: =+H68 -> 0
E19: ต.ค. | F19: =+D69 -> 516554.96 | G19: =+H69 -> 0
E20: พ.ย. | F20: =+D70 -> 508400.06 | G20: =+H70 -> 0
E21: ธ.ค. | F21: =+D71 -> 595252.27 | G21: =+H71 -> 0
A23: :กราฟแสดงตารางเปรียบเทียบยอดขายระหว่าง เดือน ม.ค.- ธ.ค. ปี 68-69
F38: ปี68 | G38: ปี69
E39: ม.ค. | F39: =+E60 -> 34735765 | G39: =+I60 -> 32494837
E40: ก.พ. | F40: =+E61 -> 36840992 | G40: =+I61 -> 32378293
E41: มี.ค. | F41: =+E62 -> 45332205 | G41: =+I62 -> 38381393
E42: เม.ย. | F42: =+E63 -> 38101958 | G42: =+I63 -> 53379281
E43: พ.ค. | F43: =+E64 -> 40498296 | G43: =+I64 -> 59376880
E44: มิ.ย. | F44: =+E65 -> 35323734 | G44: =+I65 -> 0
E45: ก.ค. | F45: =+E66 -> 36452704 | G45: =+I66 -> 0
E46: ส.ค. | F46: =+E67 -> 31884198 | G46: =+I67 -> 0
E47: ก.ย. | F47: =+E68 -> 33750598 | G47: =+I68 -> 0
E48: ต.ค. | F48: =+E69 -> 29949967 | G48: =+I69 -> 0
E49: พ.ย. | F49: =+E70 -> 30435492 | G49: =+I70 -> 0
E50: ธ.ค. | F50: =+E71 -> 35744232 | G50: =+I71 -> 0
A51: :กราฟแสดงตารางเปรียบเทียบมูลค่าขายระหว่าง เดือน ม.ค.- ธ.ค. ปี ปี 68-69
C59: เดือน | D59: ยอดขาย(กก.) | E59: มูลค่าขาย(บาท) | G59: เดือน | H59: ยอดขาย(กก.) | I59: มูลค่าขาย(บาท)
C60: ม.ค.68 | D60: 489981.28 | E60: 34735765 | G60: ม.ค.69 | H60: 558941.06 | I60: 32494837
C61: ก.พ.68 | D61: 538468.56 | E61: 36840992 | G61: ก.พ.69 | H61: 561976.65 | I61: 32378293
C62: มี.ค.68 | D62: 656094.53 | E62: 45332205 | G62: มี.ค.69 | H62: 653338.81 | I62: 38381393
C63: เม.ย.68 | D63: 571816.38 | E63: 38101958 | G63: เม.ย.69 | H63: 720476.77 | I63: 53379281
C64: พ.ค.68 | D64: 609063.32 | E64: 40498296 | G64: พ.ค.69 | H64: 645959.6 | I64: 59376880
C65: มิ.ย.68 | D65: 518142.92 | E65: 35323734 | G65: มิ.ย.69
C66: ก.ค.68 | D66: 598462.12 | E66: 36452704 | G66: ก.ค.69
C67: ส.ค.68 | D67: 537848.67 | E67: 31884198 | G67: ส.ค.69
C68: ก.ย.68 | D68: 569528.1 | E68: 33750598 | G68: ก.ย.69
C69: ต.ค.68 | D69: 516554.96 | E69: 29949967 | G69: ต.ค.69
C70: พ.ย.68 | D70: 508400.06 | E70: 30435492 | G70: พ.ย.69
C71: ธ.ค.68 | D71: 595252.27 | E71: 35744232 | G71: ธ.ค.69
D72: =SUM(D60:D71) -> 6709613.1 | E72: =SUM(E60:E71) -> 4.2905014e+08 | H72: =SUM(H60:H71) -> 3140692.9 | I72: =SUM(I60:I71) -> 2.1601068e+08
C74: * หมายเหตุ : มูลค่าดังกล่าวไม่รวมภาษี 7% ไม่รวมเพิ่มหนี้,ลดหนี้,ไม่รวมค่าพิมพ์และค่าแม่พิมพ์

Sheet มกราคม
A1: รายการขายสินค้า BWP เป็นผู้ผลิต
A2: บจก.ที.ซี.ฟาร์มาซูติคอล อุตสาหกรรม
A3: วันที่ | B3: ขนาด | C3: จำนวน(กก.) | D3: ราคา | E3: มูลค่าก่อน VAT | F3: VAT | G3: มูลค่ารวม VAT
A4: 06/01/69 | B4: 31 cm. x 50 mc. | C4: 489.1 | D4: 52 | E4: =+C4*D4 -> 25433.2 | F4: =+E4*7% -> 1780.324 | G4: =+E4+F4 -> 27213.524 | I4: 6901026 | J4: 6901352 | K4: บิลBSS
A5: 31/01/69 | B5: 31 cm. x 50 mc. | C5: 469.3 | D5: 52 | E5: =+C5*D5 -> 24403.6 | F5: =+E5*7% -> 1708.252 | G5: =+E5+F5 -> 26111.852 | I5: 6901353
A6: 05/01/69 | B6: 49 cm. x 45mc.(สูตร 1) | C6: 486.85 | D6: 52 | E6: =+C6*D6 -> 25316.2 | F6: =+E6*7% -> 1772.134 | G6: =+E6+F6 -> 27088.334 | I6: 6901003
A7: 10/01/69 | B7: 49 cm. x 45mc.(สูตร 1) | C7: 966.9 | D7: 52 | E7: =+C7*D7 -> 50278.8 | F7: =+E7*7% -> 3519.516 | G7: =+E7+F7 -> 53798.316 | I7: 6901103
A8: 06/01/69 | B8: 54 cm. x 45 mc. | C8: 4785.41 | D8: 52 | E8: =+C8*D8 -> 248841.32 | F8: =+E8*7% -> 17418.892 | G8: =+E8+F8 -> 266260.21 | I8: 6901029
A9: 05/01/69 | B9: 54 cm. x 45 mc. | C9: 4789.34 | D9: 52 | E9: =+C9*D9 -> 249045.68 | F9: =+E9*7% -> 17433.198 | G9: =+E9+F9 -> 266478.88 | I9: 6901002
A10: 08/01/68 | B10: 54 cm. x 45 mc. | C10: 4793.09 | D10: 52 | E10: =+C10*D10 -> 249240.68 | F10: =+E10*7% -> 17446.848 | G10: =+E10+F10 -> 266687.53 | I10: 6901064
A11: 10/01/69 | B11: 54 cm. x 45 mc. | C11: 4791.25 | D11: 52 | E11: =+C11*D11 -> 249145 | F11: =+E11*7% -> 17440.15 | G11: =+E11+F11 -> 266585.15 | I11: 6901101
A12: 13/01/69 | B12: 54 cm. x 45 mc. | C12: 4781.03 | D12: 52 | E12: =+C12*D12 -> 248613.56 | F12: =+E12*7% -> 17402.949 | G12: =+E12+F12 -> 266016.51 | I12: 6901133
A13: 14/01/69 | B13: 54 cm. x 45 mc. | C13: 4779.47 | D13: 52 | E13: =+C13*D13 -> 248532.44 | F13: =+E13*7% -> 17397.271 | G13: =+E13+F13 -> 265929.71 | I13: 6901144
A14: 16/01/69 | B14: 54 cm. x 45 mc. | C14: 4792.67 | D14: 52 | E14: =+C14*D14 -> 249218.84 | F14: =+E14*7% -> 17445.319 | G14: =+E14+F14 -> 266664.16 | I14: 6901184
A15: 17/01/69 | B15: 54 cm. x 45 mc. | C15: 4787.13 | D15: 52 | E15: =+C15*D15 -> 248930.76 | F15: =+E15*7% -> 17425.153 | G15: =+E15+F15 -> 266355.91 | I15: 6901195
A16: 22/01/69 | B16: 54 cm. x 45 mc. | C16: 4779.17 | D16: 52 | E16: =+C16*D16 -> 248516.84 | F16: =+E16*7% -> 17396.179 | G16: =+E16+F16 -> 265913.02 | I16: 6901237
... A54: 13/01/69 | B54: 54 cm. x 45 mc.ชาขาวเพียวริคุ (สตรอเบอร์รี่) 1x6/350มล. | C54: 478.58 | D54: 68 | E54: =+C54*D54 -> 32543.44 | F54: =+E54*7% -> 2278.0408 | G54: =+E54+F54 -> 34821.481 | I54: 6901138
B55: รวม | C55: =SUM(C4:C54) -> 106756.59 | E55: =SUM(E4:E54) -> 6328182.7 | F55: =SUM(F4:F54) -> 442972.79 | G55: =SUM(G4:G54) -> 6771155.5
A57: บจก.ไทยน้ำทิพย์ (คลอง13)
A58: วันที่ | B58: ขนาด | C58: จำนวน(กก.) | D58: ราคา | E58: มูลค่าก่อน VAT | F58: VAT | G58: มูลค่ารวม VAT
A59: 29/01/69 | B59: 36cm. x 50mc. | C59: 544.15 | D59: 50.12 | E59: =+C59*D59 -> 27272.798 | F59: =+E59*7% -> 1909.0959 | G59: =+E59+F59 -> 29181.894 | I59: 6901320
A60: 30/01/69 | B60: 36cm. x 50mc. | C60: 264.85 | D60: 50.12 | E60: =+C60*D60 -> 13274.282 | F60: =+E60*7% -> 929.19974 | G60: =+E60+F60 -> 14203.482 | I60: 6901339
A61: 10/01/69 | B61: 38cm. x 55mc. | C61: 1964.6 | D61: 50.12 | E61: =+C61*D61 -> 98465.752 | F61: =+E61*7% -> 6892.6026 | G61: =+E61+F61 -> 105358.35 | I61: 6901104
A62: 29/01/69 | B62: 50 cm. x 70mc. | C62: 1566.7 | D62: 50.12 | E62: =+C62*D62 -> 78523.004 | F62: =+E62*7% -> 5496.6103 | G62: =+E62+F62 -> 84019.614 | I62: 6901319
A63: 28/01/69 | B63: 50 cm. x 75mc. | C63: 2576.9 | D63: 50.12 | E63: =+C63*D63 -> 129154.23 | F63: =+E63*7% -> 9040.796 | G63: =+E63+F63 -> 138195.02 | I63: 6901314
A64: 13/01/69 | B64: 50 cm. x 75mc. | C64: 4195.2 | D64: 50.12 | E64: =+C64*D64 -> 210263.42 | F64: =+E64*7% -> 14718.44 | G64: =+E64+F64 -> 224981.86 | I64: 6901129
A65: 17/01/69 | B65: 50 cm. x 80mc. | C65: 3039.5 | D65: 50.12 | E65: =+C65*D65 -> 152339.74 | F65: =+E65*7% -> 10663.782 | G65: =+E65+F65 -> 163003.52 | I65: 6901196
A66: 22/01/69 | B66: 50 cm. x 80mc. | C66: 2592.25 | D66: 50.12 | E66: =+C66*D66 -> 129923.57 | F66: =+E66*7% -> 9094.6499 | G66: =+E66+F66 -> 139018.22 | I66: 6901243
A67: 14/01/69 | B67: 76 cm. X 55 mc. | C67: 2572.8 | D67: 50.12 | E67: =+C67*D67 -> 128948.74 | F67: =+E67*7% -> 9026.4115 | G67: =+E67+F67 -> 137975.15 | I67: 6901143
A68: 20/01/69 | B68: 76 cm. X 55 mc. | C68: 2571.2 | D68: 50.12 | E68: =+C68*D68 -> 128868.54 | F68: =+E68*7% -> 9020.7981 | G68: =+E68+F68 -> 137889.34 | I68: 6901212
A69: 05/01/69 | B69: 84 cm. X 55 mc. | C69: 5111.55 | D69: 50.12 | E69: =+C69*D69 -> 256190.89 | F69: =+E69*7% -> 17933.362 | G69: =+E69+F69 -> 274124.25 | I69: 6901038
A70: 05/01/69 | B70: 84 cm. X 55 mc. | C70: 5122.5 | D70: 50.12 | E70: =+C70*D70 -> 256739.7 | F70: =+E70*7% -> 17971.779 | G70: =+E70+F70 -> 274711.48 | I70: 6901001
... A75: 23/01/69 | B75: 84 cm. X 55 mc. | C75: 5118.9 | D75: 50.12 | E75: =+C75*D75 -> 256559.27 | F75: =+E75*7% -> 17959.149 | G75: =+E75+F75 -> 274518.42 | I75: 6901247
B76: รวม | C76: =SUM(C59:C75) -> 55934.15 | E76: =SUM(E59:E75) -> 2803419.6 | F76: =SUM(F59:F75) -> 196239.37 | G76: =SUM(G59:G75) -> 2999659
A78: บจก.ไทยน้ำทิพย์ (โคราช)
A79: วันที่ | B79: ขนาด | C79: จำนวน(กก.) | D79: ราคา | E79: มูลค่าก่อน VAT | F79: VAT | G79: มูลค่ารวม VAT
A80: 07/01/69 | B80: 50cm. x 75mc. | C80: 3049.8 | D80: 50.12 | E80: =+C80*D80 -> 152855.98 | F80: =+E80*7% -> 10699.918 | G80: =+E80+F80 -> 163555.89 | I80: 6901049
A81: 28/01/69 | B81: 50cm. x 75mc. | C81: 3082.25 | D81: 50.12 | E81: =+C81*D81 -> 154482.37 | F81: =+E81*7% -> 10813.766 | G81: =+E81+F81 -> 165296.14 | I81: 6901312
A82: 08/01/69 | B82: 50 cm. x 80mc. | C82: 6142.9 | D82: 50.12 | E82: =+C82*D82 -> 307882.15 | F82: =+E82*7% -> 21551.75 | G82: =+E82+F82 -> 329433.9 | I82: 6901062
A83: 14/01/69 | B83: 50cm. x 80mc. | C83: 6088.9 | D83: 50.12 | E83: =+C83*D83 -> 305175.67 | F83: =+E83*7% -> 21362.297 | G83: =+E83+F83 -> 326537.96 | I83: 6901142
A84: 16/01/69 | B84: 50cm. x 80mc. | C84: 3049.15 | D84: 50.12 | E84: =+C84*D84 -> 152823.4 | F84: =+E84*7% -> 10697.638 | G84: =+E84+F84 -> 163521.04 | I84: 6901183
A85: 19/01/69 | B85: 50cm. x 80mc. | C85: 6093.5 | D85: 50.12 | E85: =+C85*D85 -> 305406.22 | F85: =+E85*7% -> 21378.435 | G85: =+E85+F85 -> 326784.66 | I85: 6901200
A86: 22/01/69 | B86: 50cm. x 80mc. | C86: 2963.3 | D86: 50.12 | E86: =+C86*D86 -> 148520.6 | F86: =+E86*7% -> 10396.442 | G86: =+E86+F86 -> 158917.04 | I86: 6901241
A87: 29/01/69 | B87: 50cm. x 80mc. | C87: 6149.2 | D87: 50.12 | E87: =+C87*D87 -> 308197.9 | F87: =+E87*7% -> 21573.853 | G87: =+E87+F87 -> 329771.76 | I87: 6901317
A88: 22/01/69 | B88: 52cm. x 80mc. | C88: 2430.45 | D88: 50.12 | E88: =+C88*D88 -> 121814.15 | F88: =+E88*7% -> 8526.9908 | G88: =+E88+F88 -> 130341.14 | I88: 6901242
A89: 16/01/69 | B89: 54cm. x 60mc.สีแดง | C89: 2391.26 | D89: 60.12 | E89: =+C89*D89 -> 143762.55 | F89: =+E89*7% -> 10063.379 | G89: =+E89+F89 -> 153825.93 | I89: 6901182
A90: 26/01/69 | B90: 54cm. x 75mc. | C90: 4640.75 | D90: 50.12 | E90: =+C90*D90 -> 232594.39 | F90: =+E90*7% -> 16281.607 | G90: =+E90+F90 -> 248876 | I90: 6901276
A91: 28/01/69 | B91: 54cm. x 75mc. | C91: 970.22 | D91: 50.12 | E91: =+C91*D91 -> 48627.426 | F91: =+E91*7% -> 3403.9198 | G91: =+E91+F91 -> 52031.346 | I91: 6901313
... A94: 28/01/69 | B94: 76 cm. X 55 mc. | C94: 3094.55 | D94: 50.12 | E94: =+C94*D94 -> 155098.85 | F94: =+E94*7% -> 10856.919 | G94: =+E94+F94 -> 165955.77 | I94: 6901311
B95: รวม | C95: =SUM(C80:C94) -> 55789.23 | E95: =SUM(E80:E94) -> 2820068.8 | F95: =SUM(F80:F94) -> 197404.82 | G95: =SUM(G80:G94) -> 3017473.6
A97: บจก.ไทยน้ำทิพย์ (ปทุมธานี)
A98: วันที่ | B98: ขนาด | C98: จำนวน(กก.) | D98: ราคา | E98: มูลค่าก่อน VAT | F98: VAT | G98: มูลค่ารวม VAT
A99: 13/01/69 | B99: 50 cm. x 75mc. | C99: 3742.15 | D99: 50.12 | E99: =+C99*D99 -> 187556.56 | F99: =+E99*7% -> 13128.959 | G99: =+E99+F99 -> 200685.52 | I99: 6901130
A100: 20/01/69 | B100: 50 cm. x 75mc. | C100: 6182.6 | D100: 50.12 | E100: =+C100*D100 -> 309871.91 | F100: =+E100*7% -> 21691.034 | G100: =+E100+F100 -> 331562.95 | I100: 6901211
A101: 26/01/69 | B101: 50 cm. x 75mc. | C101: 6086.55 | D101: 50.12 | E101: =+C101*D101 -> 305057.89 | F101: =+E101*7% -> 21354.052 | G101: =+E101+F101 -> 326411.94 | I101: 6901277
A102: 27/01/69 | B102: 50 cm. x 75mc. | C102: 6054.2 | D102: 50.12 | E102: =+C102*D102 -> 303436.5 | F102: =+E102*7% -> 21240.555 | G102: =+E102+F102 -> 324677.06 | I102: 6901290
A103: 12/01/69 | B103: 53 cm. x 70mc. | C103: 5438.4 | D103: 50.12 | E103: =+C103*D103 -> 272572.61 | F103: =+E103*7% -> 19080.083 | G103: =+E103+F103 -> 291652.69 | I103: 6901108
A104: 10/01/69 | B104: 54 cm. x 60mc.(สีแดง) | C104: 1355.88 | D104: 60.12 | E104: =+C104*D104 -> 81515.506 | F104: =+E104*7% -> 5706.0854 | G104: =+E104+F104 -> 87221.591 | I104: 6901105
A105: 12/01/69 | B105: 54 cm. x 60mc.(สีแดง) | C105: 3487.99 | D105: 60.12 | E105: =+C105*D105 -> 209697.96 | F105: =+E105*7% -> 14678.857 | G105: =+E105+F105 -> 224376.82 | I105: 6901109
A106: 13/01/69 | B106: 54 cm. x 60mc.(สีแดง) | C106: 1383.66 | D106: 60.12 | E106: =+C106*D106 -> 83185.639 | F106: =+E106*7% -> 5822.9947 | G106: =+E106+F106 -> 89008.634 | I106: 6901131
A107: 15/01/69 | B107: 54 cm. x 60mc.(สีแดง) | C107: 614.66 | D107: 60.12 | E107: =+C107*D107 -> 36953.359 | F107: =+E107*7% -> 2586.7351 | G107: =+E107+F107 -> 39540.094 | I107: 6901179
A108: 29/01/69 | B108: 54 cm. x 60mc.(สีแดง) | C108: 706.77 | D108: 60.12 | E108: =+C108*D108 -> 42491.012 | F108: =+E108*7% -> 2974.3709 | G108: =+E108+F108 -> 45465.383 | I108: 6901318
A109: 30/01/69 | B109: 54 cm. x 60mc.(สีแดง) | C109: 461.02 | D109: 60.12 | E109: =+C109*D109 -> 27716.522 | F109: =+E109*7% -> 1940.1566 | G109: =+E109+F109 -> 29656.679 | I109: 6901340
B110: รวม | C110: =SUM(C99:C109) -> 35513.88 | E110: =SUM(E99:E109) -> 1860055.5 | F110: =SUM(F99:F109) -> 130203.88 | G110: =SUM(G99:G109) -> 1990259.3
A112: บจก.ไทยน้ำทิพย์ คอร์ปอเรชั่น(ขอนแก่น)
A113: วันที่ | B113: ขนาด | C113: จำนวน(กก.) | D113: ราคา | E113: มูลค่าก่อน VAT | F113: VAT | G113: มูลค่ารวม VAT
A114: 27/01/69 | B114: 84 cm. X 55 mc. | C114: 4396.2 | D114: 52.62 | E114: =+C114*D114 -> 231328.04 | F114: =+E114*7% -> 16192.963 | G114: =+E114+F114 -> 247521.01 | I114: 6901291
B115: รวม | C115: =SUM(C114:C114) -> 4396.2 | E115: =SUM(E114:E114) -> 231328.04 | F115: =SUM(F114:F114) -> 16192.963 | G115: =SUM(G114:G114) -> 247521.01
A117: บมจ.หาดทิพย์
A118: วันที่ | B118: ขนาด | C118: จำนวน(กก.) | D118: ราคา | E118: มูลค่าก่อน VAT | F118: VAT | G118: มูลค่ารวม VAT
A119: 27/01/69 | B119: 34 cm. X 55 mc. | C119: 2254.4 | D119: 53.3 | E119: =+C119*D119 -> 120159.52 | F119: =+E119*7% -> 8411.1664 | G119: =+E119+F119 -> 128570.69 | I119: 6901293
A120: 29/01/69 | B120: 34 cm. X 50 mc. | C120: 3706.8 | D120: 53.3 | E120: =+C120*D120 -> 197572.44 | F120: =+E120*7% -> 13830.071 | G120: =+E120+F120 -> 211402.51 | I120: 6901336
A121: 06/01/69 | B121: 38 cm. X 55 mc. | C121: 2549.45 | D121: 53.3 | E121: =+C121*D121 -> 135885.68 | F121: =+E121*7% -> 9511.9979 | G121: =+E121+F121 -> 145397.68 | I121: 6901044
A122: 18/01/69 | B122: 38 cm. X 55 mc. | C122: 2932.1 | D122: 53.3 | E122: =+C122*D122 -> 156280.93 | F122: =+E122*7% -> 10939.665 | G122: =+E122+F122 -> 167220.6 | I122: 6901199
A123: 29/01/69 | B123: 38 cm. X 55 mc.สูตร 1 | C123: 2906.4 | D123: 53.3 | E123: =+C123*D123 -> 154911.12 | F123: =+E123*7% -> 10843.778 | G123: =+E123+F123 -> 165754.9 | I123: 6901337
A124: 14/01/69 | B124: 38 cm. X 55 mc.สูตร 1 | C124: 3456.85 | D124: 53.3 | E124: =+C124*D124 -> 184250.1 | F124: =+E124*7% -> 12897.507 | G124: =+E124+F124 -> 197147.61 | I124: 6901156
A125: 05/01/69 | B125: 50 cm. X 65 mc. | C125: 6590.25 | D125: 53.3 | E125: =+C125*D125 -> 351260.32 | F125: =+E125*7% -> 24588.223 | G125: =+E125+F125 -> 375848.55 | I125: 6901020
A126: 07/01/69 | B126: 50 cm. X 65 mc. | C126: 1254.65 | D126: 53.3 | E126: =+C126*D126 -> 66872.845 | F126: =+E126*7% -> 4681.0992 | G126: =+E126+F126 -> 71553.944 | I126: 6901044
A127: 11/01/69 | B127: 50 cm. X 65 mc. | C127: 814.75 | D127: 53.3 | E127: =+C127*D127 -> 43426.175 | F127: =+E127*7% -> 3039.8322 | G127: =+E127+F127 -> 46466.007 | I127: 6901107
A128: 12/01/69 | B128: 50 cm. X 65 mc. | C128: 4453.05 | D128: 53.3 | E128: =+C128*D128 -> 237347.57 | F128: =+E128*7% -> 16614.33 | G128: =+E128+F128 -> 253961.89 | I128: 6901128
A129: 14/01/69 | B129: 50 cm. X 65 mc. | C129: 822.05 | D129: 53.3 | E129: =+C129*D129 -> 43815.265 | F129: =+E129*7% -> 3067.0685 | G129: =+E129+F129 -> 46882.334 | I129: 6901157
A130: 15/01/69 | B130: 50 cm. X 65 mc. | C130: 4121.5 | D130: 53.3 | E130: =+C130*D130 -> 219675.95 | F130: =+E130*7% -> 15377.317 | G130: =+E130+F130 -> 235053.27 | I130: 6901181
... A153: 14/01/69 | B153: 76 cm. X 65 mc. | C153: 210.65 | D153: 53.3 | E153: =+C153*D153 -> 11227.645 | F153: =+E153*7% -> 785.93515 | G153: =+E153+F153 -> 12013.58 | I153: 6901156
B154: รวม | C154: =SUM(C119:C153) -> 93627.69 | E154: =SUM(E119:E153) -> 5027216.2 | F154: =SUM(F119:F153) -> 351905.13 | G154: =SUM(G119:G153) -> 5379121.3
A156: บมจ.กรีนสปอต
A157: วันที่ | B157: ขนาด | C157: จำนวน(กก.) | D157: ราคา | E157: มูลค่าก่อน VAT | F157: VAT | G157: มูลค่ารวม VAT
A158: 09/01/69 | B158: PE180บน UHT 200mm x 40mic Mix P3 (PCR30%) | C158: 393.4 | D158: 56 | E158: =+C158*D158 -> 22030.4 | F158: =+E158*7% -> 1542.128 | G158: =+E158+F158 -> 23572.528 | I158: 6901087
A159: 27/01/69 | B159: PE180บน UHT 200mm x 40mic Mix P3 (PCR30%) | C159: 459.4 | D159: 56 | E159: =+C159*D159 -> 25726.4 | F159: =+E159*7% -> 1800.848 | G159: =+E159+F159 -> 27527.248 | I159: 6901286
A160: 30/01/69 | B160: PE250บน UHT 215mm x 40mic Mix P3,6,12(PCR30%) | C160: 524.54 | D160: 56 | E160: =+C160*D160 -> 29374.24 | F160: =+E160*7% -> 2056.1968 | G160: =+E160+F160 -> 31430.437 | I160: 6901350
A161: 19/01/69 | B161: PE230 - UHTNo S 215mm x 40mic SUN2T P6 | C161: 190.55 | D161: 71.5 | E161: =+C161*D161 -> 13624.325 | F161: =+E161*7% -> 953.70275 | G161: =+E161+F161 -> 14578.028 | I161: 6901206
A162: 09/01/69 | B162: PE200บน UHT 240mm x 40mic Mix P4 (PCR30%) | C162: 974.05 | D162: 56 | E162: =+C162*D162 -> 54546.8 | F162: =+E162*7% -> 3818.276 | G162: =+E162+F162 -> 58365.076 | I162: 6901088
A163: 23/01/69 | B163: PE200บน UHT 240mm x 40mic Mix P4 (PCR30%) | C163: 994.81 | D163: 56 | E163: =+C163*D163 -> 55709.36 | F163: =+E163*7% -> 3899.6552 | G163: =+E163+F163 -> 59609.015 | I163: 6901256
A164: 06/01/69 | B164: PE230บน UHT No S 240mm x 40mic SUN2E P9 | C164: 94.65 | D164: 78.5 | E164: =+C164*D164 -> 7430.025 | F164: =+E164*7% -> 520.10175 | G164: =+E164+F164 -> 7950.1268 | I164: 6901037
A165: 29/01/69 | B165: PE230บน UHT No S 250mm x 40mic SUN2E P09 | C165: 100.1 | D165: 57 | E165: =+C165*D165 -> 5705.7 | F165: =+E165*7% -> 399.399 | G165: =+E165+F165 -> 6105.099 | I165: 6901332
A166: 06/01/69 | B166: PE230บน UHT Mti G 240mm x 40mic SMN1X P4 | C166: 78.4 | D166: 89 | E166: =+C166*D166 -> 6977.6 | F166: =+E166*7% -> 488.432 | G166: =+E166+F166 -> 7466.032 | I166: 6901078
A167: 09/01/69 | B167: PEบน TG 380mm x 45mic Mix P12(PCR30%) | C167: 121.8 | D167: 56 | E167: =+C167*D167 -> 6820.8 | F167: =+E167*7% -> 477.456 | G167: =+E167+F167 -> 7298.256 | I167: 6901096
A168: 09/01/69 | B168: PEบน TG 380mm x 45mic Mix P12(PCR30%) | C168: 1007.45 | D168: 56 | E168: =+C168*D168 -> 56417.2 | F168: =+E168*7% -> 3949.204 | G168: =+E168+F168 -> 60366.404 | I168: 6901091
A169: 28/01/69 | B169: PEบน TG 380mm x 45mic Mix P12(PCR30%) | C169: 370.05 | D169: 56 | E169: =+C169*D169 -> 20722.8 | F169: =+E169*7% -> 1450.596 | G169: =+E169+F169 -> 22173.396 | I169: 6901302
A170: 12/01/69 | B170: PEบน TG 540mm x 45mic Mix P6 | C170: 147.04 | D170: 57 | E170: =+C170*D170 -> 8381.28 | F170: =+E170*7% -> 586.6896 | G170: =+E170+F170 -> 8967.9696 | I170: 6901119
A171: 06/01/69 | B171: PE200- UHT MtiG 240mm x 40mic SMG P4 | C171: 110 | D171: 81 | E171: =+C171*D171 -> 8910 | F171: =+E171*7% -> 623.7 | G171: =+E171+F171 -> 9533.7 | H171: WT | I171: 6901036
...

Sheet ยอดขายรวม มค.
A1: รายการขายสินค้าประจำเดือน มกราคม 2569 | L1: งานพิมพ์ประจำเดือน มกราคม 2569 | U1: Supplier งานพิมพ์ประจำเดือน มกราคม 2569 | AA1: ถุงคลุม/ชีท ประจำเดือน มกราคม 2569
A2: ลำดับที่ | B2: ลูกค้า | C2: ม้วนใส (กก.) | D2: ม้วนพิมพ์ (กก.) | E2: ถุงคลุม/ชีท (กก.) | F2: ฟิล์มยืด(กก.) | G2: ถุงหลอด(กก.) | H2: รวม (กก.) | I2: หมายเหตุ | L2: ลำดับที่ | M2: ลูกค้า | N2: 1สี (กก.) | O2: 2สี (กก.) | P2: 3สี (กก.) | Q2: 4สี (กก.) | R2: 8สี (กก.) | S2: รวม (กก.) | U2: ลำดับที่ | V2: ลูกค้า | W2: BWP | X2: ว่องไท | Y2: รวม (กก.) | AA2: ลำดับที่ | AB2: ลูกค้า | AC2: ผลิตเอง (กก.) | AD2: จำนวน( ใบ.) | AE2: จ้างภายนอก (กก.) | AF2: รวม (กก.)
A3: 1 | B3: ไทยน้ำทิพย์ | C3: 151633.46 | D3: 0 | E3: 0 | F3: 0 | G3: 0 | H3: =+C3+D3+E3+F3+G3 -> 151633.46 | J3: =+H3*100/H48 -> 27.128703 | L3: 1 | M3: ที.ซีฟาร์มาฯ | N3: 0 | O3: 37324.89 | P3: 0 | Q3: 0 | R3: 0 | S3: =+N3+O3+P3+Q3+R3 -> 37324.89 | T3: =+S3*100/S12 -> 34.483514 | U3: 1 | V3: ที.ซีฟาร์มาฯ | W3: 37324.89 | X3: 0 | Y3: =+W3+X3 -> 37324.89 | AA3: 1 | AB3: สยามอุตสาหกรรมวัสดุทนไฟ | AC3: 5361.992 | AD3: 17300 | AE3: 0 | AF3: =+AC3+AE3 -> 5361.992
A4: 2 | B4: ที.ซีฟาร์มาฯ | C4: 69431.7 | D4: 37324.89 | E4: 0 | F4: 0 | G4: 0 | H4: =+C4+D4+E4+F4+G4 -> 106756.59 | J4: =+H4*100/H48 -> 19.099794 | L4: 2 | M4: กรีนสปอต | N4: 395.45 | O4: 29456.06 | P4: 0 | Q4: 0 | R4: 0 | S4: =+N4+O4+P4+Q4+R4 -> 29851.51 | T4: =+S4*100/S12 -> 27.579049 | U4: 2 | V4: กรีนสปอต | W4: 24096.25 | X4: 5755.26 | Y4: =+W4+X4 -> 29851.51 | AA4: 2 | AB4: เอ็น พลัส ชัพพลาย | AC4: 4432 | AD4: 4000 | AE4: 0 | AF4: =+AC4+AE4 -> 4432
A5: 3 | B5: หาดทิพย์ | C5: 93627.69 | D5: 0 | E5: 0 | F5: 0 | G5: 0 | H5: =+C5+D5+E5+F5+G5 -> 93627.69 | J5: =+H5*100/H48 -> 16.750906 | L5: 3 | M5: ฟรีสแลนด์คัมพิน่า | N5: 0 | O5: 16057.48 | P5: 0 | Q5: 0 | R5: 0 | S5: =+N5+O5+P5+Q5+R5 -> 16057.48 | T5: =+S5*100/S12 -> 14.835096 | U5: 3 | V5: ฟรีสแลนด์คัมพิน่า | W5: 16057.48 | X5: 0 | Y5: =+W5+X5 -> 16057.48 | AA5: 3 | AB5: เอสซีจี เซรามิกส์ | AC5: 364.8 | AD5: 1000 | AE5: 0 | AF5: =+AC5+AE5 -> 364.8
A6: 4 | B6: โอสถสภา | C6: 42651.8 | D6: 0 | E6: 0 | F6: 0 | G6: 0 | H6: =+C6+D6+E6+F6+G6 -> 42651.8 | J6: =+H6*100/H48 -> 7.6308225 | L6: 4 | M6: โตโยไซกัน | N6: 0 | O6: 14250.43 | P6: 0 | Q6: 0 | R6: 36.4 | S6: =+N6+O6+P6+Q6+R6 -> 14286.83 | T6: =+S6*100/S12 -> 13.199238 | U6: 4 | V6: โตโยไซกัน | W6: 14286.83 | X6: 0 | Y6: =+W6+X6 -> 14286.83 | AA6: 4 | AB6: สยามกลาสอยุธยา | AC6: 251.15 | AD6: 500 | AE6: 0 | AF6: =+AC6+AE6 -> 251.15
A7: 5 | B7: กรีนสปอต | C7: 5456.24 | D7: 29851.51 | E7: 0 | F7: 795.6 | G7: 0 | H7: =+C7+D7+E7+F7+G7 -> 36103.35 | J7: =+H7*100/H48 -> 6.459241 | L7: 5 | M7: สหกรณ์โคนมหนองโพ | N7: 0 | O7: 966.5 | P7: 0 | Q7: 0 | R7: 0 | S7: =+N7+O7+P7+Q7+R7 -> 966.5 | T7: =+S7*100/S12 -> 0.8929247 | U7: 5 | V7: สหกรณ์โคนมหนองโพ | W7: 966.5 | X7: 0 | Y7: =+W7+X7 -> 966.5 | AB7: ผลรวม | AC7: =SUM(AC3:AC6) -> 10409.942 | AD7: =SUM(AD3:AD6) -> 22800 | AE7: =SUM(AE3:AE6) -> 0 | AF7: =SUM(AF3:AF6) -> 10409.942
A8: 6 | B8: ฟรีสแลนด์คัมพิน่า | C8: 0 | D8: 16057.48 | E8: 0 | F8: 0 | G8: 0 | H8: =+C8+D8+E8+F8+G8 -> 16057.48 | J8: =+H8*100/H48 -> 2.8728396 | L8: 6 | M8: แอดวานซ์ โนเลดจ์ เซอร์วิสเซส | N8: 0 | O8: 4941.7 | P8: 0 | Q8: 0 | R8: 0 | S8: =+N8+O8+P8+Q8+R8 -> 4941.7 | T8: =+S8*100/S12 -> 4.5655106 | U8: 6 | V8: แอดวานซ์ โนเลดจ์ เซอร์วิสเซส | W8: 4941.7 | X8: 0 | Y8: =+W8+X8 -> 4941.7
A9: 7 | B9: ทิพย์นที (2005) | C9: 14973.45 | D9: 0 | E9: 0 | F9: 0 | G9: 0 | H9: =+C9+D9+E9+F9+G9 -> 14973.45 | J9: =+H9*100/H48 -> 2.6788961 | L9: 7 | M9: สยามไฟเบอร์ซีเมนต์กรุ๊ป | N9: 0 | O9: 3586.2 | P9: 0 | Q9: 0 | R9: 0 | S9: =+N9+O9+P9+Q9+R9 -> 3586.2 | T9: =+S9*100/S12 -> 3.3131987 | U9: 7 | V9: สยามไฟเบอร์ซีเมนต์กรุ๊ป | W9: 3586.2 | X9: 0 | Y9: =+W9+X9 -> 3586.2
A10: 8 | B10: โตโยไซกัน | C10: 72.25 | D10: 14286.83 | E10: 0 | F10: 0 | G10: 0 | H10: =+C10+D10+E10+F10+G10 -> 14359.08 | J10: =+H10*100/H48 -> 2.5689793 | L10: 8 | M10: ทิปโก้ | N10: 198.2 | O10: 0 | P10: 0 | Q10: 0 | R10: 0 | S10: =+N10+O10+P10+Q10+R10 -> 198.2 | T10: =+S10*100/S12 -> 0.18311193 | U10: 8 | V10: ทิปโก้ | W10: 198.2 | X10: 0 | Y10: =+W10+X10 -> 198.2
A11: 9 | B11: เสริมสุข | C11: 12205.4 | D11: 0 | E11: 0 | F11: 0 | G11: 0 | H11: =+C11+D11+E11+F11+G11 -> 12205.4 | J11: =+H11*100/H48 -> 2.1836649 | L11: 10 | M11: ยูนิ-เพรสซิเดนท์ | N11: 0 | O11: 1026.5 | P11: 0 | Q11: 0 | R11: 0 | S11: =+N11+O11+P11+Q11+R11 -> 1026.5 | T11: =+S11*100/S12 -> 0.94835717 | U11: 10 | V11: ยูนิ-เพรสซิเดนท์ | W11: 1026.5 | X11: 0 | Y11: =+W11+X11 -> 1026.5
A12: 10 | B12: สหกรณ์โคนมหนองโพ | C12: 6994.6 | D12: 966.5 | E12: 0 | F12: 0 | G12: 0 | H12: =+C12+D12+E12+F12+G12 -> 7961.1 | J12: =+H12*100/H48 -> 1.4243183 | M12: ผลรวม | N12: =SUM(N3:N11) -> 593.65 | O12: =SUM(O3:O11) -> 107609.76 | P12: =SUM(P3:P11) -> 0 | Q12: =SUM(Q3:Q11) -> 0 | R12: =SUM(R3:R11) -> 36.4 | S12: =SUM(S3:S11) -> 108239.81 | V12: ผลรวม | W12: =SUM(W3:W11) -> 102484.55 | X12: =SUM(X3:X11) -> 5755.26 | Y12: =SUM(Y3:Y11) -> 108239.81
A13: 11 | B13: กรีนสวิลล์ | C13: 7209.95 | D13: 0 | E13: 0 | F13: 0 | G13: 0 | H13: =+C13+D13+E13+F13+G13 -> 7209.95
A14: 12 | B14: เอ็มเอ็มพี คอร์ปอเรชั่น | C14: 6263.1 | D14: 0 | E14: 0 | F14: 0 | G14: 0 | H14: =+C14+D14+E14+F14+G14 -> 6263.1 | N14: =+N12*100/S12 -> 0.5484581 | O14: =+O12*100/S12 -> 99.417913 | P14: =+P12*100/S12 -> 0 | Q14: =+Q12*100/S12 -> 0 | R14: =+R12*100/S12 -> 0.033629032 | W14: =+W12*100/Y12 -> 94.682862 | X14: =+X12*100/Y12 -> 5.3171379
A15: 13 | B15: สยามอุตสาหกรรมวัสดุทนไฟ | C15: 0 | D15: 0 | E15: 5361.99 | F15: 0 | G15: 0 | H15: =+C15+D15+E15+F15+G15 -> 5361.99
A16: 14 | B16: แอดวานซ์ โนเลดจ์ เซอร์วิสเซส | C16: 0 | D16: 4941.7 | E16: 0 | F16: 0 | G16: 0 | H16: =+C16+D16+E16+F16+G16 -> 4941.7
A17: 15 | B17: เอ็น พลัส ชัพพลาย | C17: 0 | D17: 0 | E17: 4432 | F17: 0 | G17: 0 | H17: =+C17+D17+E17+F17+G17 -> 4432
A18: 16 | B18: ขายยาเพ็ญภาค | C18: 3929.85 | D18: 0 | E18: 0 | F18: 0 | G18: 0 | H18: =+C18+D18+E18+F18+G18 -> 3929.85
A19: 17 | B19: สยามไฟเบอร์ซีเมนต์กรุ๊ป | C19: 0 | D19: 3586.2 | E19: 0 | F19: 0 | G19: 0 | H19: =+C19+D19+E19+F19+G19 -> 3586.2
A20: 18 | B20: เซเว่นสตาร์ | C20: 3459.3 | D20: 0 | E20: 0 | F20: 0 | G20: 0 | H20: =+C20+D20+E20+F20+G20 -> 3459.3
A21: 19 | B21: เถิงธงพานิชย์ | C21: 2747.6 | D21: 0 | E21: 0 | F21: 0 | G21: 0 | H21: =+C21+D21+E21+F21+G21 -> 2747.6
A22: 20 | B22: ซันสวีท | C22: 2566.65 | D22: 0 | E22: 0 | F22: 0 | G22: 0 | H22: =+C22+D22+E22+F22+G22 -> 2566.65
A23: 21 | B23: พลอยพรรณราย อินดัสตรี | C23: 2560.55 | D23: 0 | E23: 0 | F23: 0 | G23: 0 | H23: =+C23+D23+E23+F23+G23 -> 2560.55
A24: 22 | B24: สุรใจฟู้ดส์อินดัสทรี | C24: 2378.5 | D24: 0 | E24: 0 | F24: 0 | G24: 0 | H24: =+C24+D24+E24+F24+G24 -> 2378.5
A25: 23 | B25: ฐิติภัณฑ์ อินเตอร์พลัส | C25: 1972 | D25: 0 | E25: 0 | F25: 0 | G25: 0 | H25: =+C25+D25+E25+F25+G25 -> 1972
A26: 24 | B26: เพชรพาณิชย์ เบฟเวอเรจ | C26: 1951.65 | D26: 0 | E26: 0 | F26: 0 | G26: 0 | H26: =+C26+D26+E26+F26+G26 -> 1951.65
... A47: 45 | B47: แอโร เซลล์ แอนด์ เนจิเนียริ่ง | C47: 0 | D47: 0 | E47: 0 | F47: 24.84 | G47: 0 | H47: =+C47+D47+E47+F47+G47 -> 24.84
A48: ผลรวม | C48: =SUM(C3:C47) -> 438464.53 | D48: =SUM(D3:D47) -> 108239.81 | E48: =SUM(E3:E47) -> 10409.94 | F48: =SUM(F3:F47) -> 1826.78 | G48: =SUM(G3:G47) -> 0 | H48: =SUM(H3:H47) -> 558941.06
C50: =+C48*100/H48 -> 78.445575 | D50: =+D48*100/H48 -> 19.365156 | E50: =+E48*100/H48 -> 1.8624397 | F50: =+F48*100/H48 -> 0.32682874 | G50: =+G48*100/H48 -> 0
A56: สรุปยอดขายแยกประเภทสินค้าประจำปี 2568 | L56: สรุปงานพิมพ์ ประจำปี 2568 | U56: สรุป Supplier งานพิมพ์ ประจำปี 2568 | AA56: ถุงคลุม/ชีท ประจำปี 2568
A57: ลำดับที่ | B57: เดือน | C57: ม้วนใส (กก.) | D57: ม้วนพิมพ์ (กก.) | E57: ถุงคลุม/ชีท (กก.) | F57: ฟิล์มยืด(กก,) | G57: ถุงหลอด(กก.) | H57: รวม (กก.) | I57: หมายเหตุ | L57: ลำดับที่ | M57: เดือน | N57: 1สี (กก.) | O57: 2สี (กก.) | P57: 3สี (กก.) | Q57: 4สี (กก.) | R57: 8สี (กก.) | S57: รวม (กก.) | U57: ลำดับที่ | V57: เดือน | W57: BWP | X57: ว่องไท | Y57: รวม (กก.) | AA57: ลำดับที่ | AB57: ลูกค้า | AC57: ผลิตเอง (กก.) | AD57: จำนวน( ใบ.) | AE57: จ้างภายนอก (กก.) | AF57: รวม (กก.)
A58: 1 | B58: มกราคม | C58: 438464.53 | D58: 108239.81 | E58: 10409.94 | F58: 1826.78 | G58: 0 | H58: =+C58+D58+E58+F58+G58 -> 558941.06 | L58: 1 | M58: มกราคม | N58: 593.65 | O58: 107609.76 | P58: 0 | Q58: 0 | R58: 36.4 | S58: =+N58+O58 -> 108203.41 | U58: 1 | V58: มกราคม | W58: 102484.55 | X58: 5755.26 | Y58: =+W58+X58 -> 108239.81 | AA58: 1 | AB58: มกราคม | AC58: 10409.942 | AD58: 22800 | AE58: 0 | AF58: =+AC58+AE58 -> 10409.942
A59: 2 | B59: กุมภาพันธ์ | H59: =+C59+D59+E59+F59+G59 -> 0 | L59: 2 | M59: กุมภาพันธ์ | S59: =+N59+O59 -> 0 | U59: 2 | V59: กุมภาพันธ์ | Y59: =+W59+X59 -> 0 | AA59: 2 | AB59: กุมภาพันธ์ | AC59: 0 | AD59: 0 | AE59: =AE9 -> 0 | AF59: =+AC59+AE59 -> 0
A60: 3 | B60: มีนาคม | H60: =+C60+D60+E60+F60+G60 -> 0 | L60: 3 | M60: มีนาคม | S60: =+N60+O60 -> 0 | U60: 3 | V60: มีนาคม | Y60: =+W60+X60 -> 0 | AA60: 3 | AB60: มีนาคม | AC60: 0 | AD60: 0 | AE60: =AE10 -> 0 | AF60: =+AC60+AE60 -> 0
A61: 4 | B61: เมษายน | H61: =+C61+D61+E61+F61+G61 -> 0 | L61: 4 | M61: เมษายน | S61: =+N61+O61 -> 0 | U61: 4 | V61: เมษายน | Y61: =+W61+X61 -> 0 | AA61: 4 | AB61: เมษายน | AC61: 0 | AD61: 0 | AE61: =AE11 -> 0 | AF61: =+AC61+AE61 -> 0
A62: 5 | B62: พฤษภาคม | H62: =+C62+D62+E62+F62+G62 -> 0 | L62: 5 | M62: พฤษภาคม | S62: =+N62+O62 -> 0 | U62: 5 | V62: พฤษภาคม | Y62: =+W62+X62 -> 0 | AA62: 5 | AB62: พฤษภาคม | AC62: 0 | AD62: 0 | AE62: =AE12 -> 0 | AF62: =+AC62+AE62 -> 0
A63: 6 | B63: มิถุนายน | H63: =+C63+D63+E63+F63+G63 -> 0 | L63: 6 | M63: มิถุนายน | S63: =+N63+O63 -> 0 | U63: 6 | V63: มิถุนายน | Y63: =+W63+X63 -> 0 | AA63: 6 | AB63: มิถุนายน | AC63: 0 | AD63: 0 | AE63: =AE13 -> 0 | AF63: =+AC63+AE63 -> 0
A64: 7 | B64: กรกฎาคม | H64: =+C64+D64+E64+F64+G64 -> 0 | L64: 7 | M64: กรกฎาคม | S64: =+N64+O64 -> 0 | U64: 7 | V64: กรกฎาคม | Y64: =+W64+X64 -> 0 | AA64: 7 | AB64: กรกฎาคม | AC64: 0 | AD64: 0 | AE64: =AE14 -> 0 | AF64: =+AC64+AE64 -> 0
A65: 8 | B65: สิงหาคม | H65: =+C65+D65+E65+F65+G65 -> 0 | L65: 8 | M65: สิงหาคม | S65: =+N65+O65 -> 0 | U65: 8 | V65: สิงหาคม | Y65: =+W65+X65 -> 0 | AA65: 8 | AB65: สิงหาคม | AC65: 0 | AD65: 0 | AE65: =AE15 -> 0 | AF65: =+AC65+AE65 -> 0
A66: 9 | B66: กันยายน | H66: =+C66+D66+E66+F66+G66 -> 0 | L66: 9 | M66: กันยายน | S66: =+N66+O66 -> 0 | U66: 9 | V66: กันยายน | Y66: =+W66+X66 -> 0 | AA66: 9 | AB66: กันยายน | AC66: 0 | AD66: 0 | AE66: =AE16 -> 0 | AF66: =+AC66+AE66 -> 0
A67: 10 | B67: ตุลาคม | H67: =+C67+D67+E67+F67+G67 -> 0 | L67: 10 | M67: ตุลาคม | S67: =+N67+O67 -> 0 | U67: 10 | V67: ตุลาคม | Y67: =+W67+X67 -> 0 | AA67: 10 | AB67: ตุลาคม | AC67: 0 | AD67: 0 | AE67: =AE17 -> 0 | AF67: =+AC67+AE67 -> 0
A68: 11 | B68: พฤศจิกายน | H68: =+C68+D68+E68+F68+G68 -> 0 | L68: 11 | M68: พฤศจิกายน | S68: =+N68+O68 -> 0 | U68: 11 | V68: พฤศจิกายน | Y68: =+W68+X68 -> 0 | AA68: 11 | AB68: พฤศจิกายน | AC68: 0 | AD68: 0 | AE68: =AE18 -> 0 | AF68: =+AC68+AE68 -> 0
A69: 12 | B69: ธันวาคม | H69: =+C69+D69+E69+F69+G69 -> 0 | L69: 12 | M69: ธันวาคม | S69: =+N69+O69 -> 0 | U69: 12 | V69: ธันวาคม | Y69: =+W69+X69 -> 0 | AA69: 12 | AB69: ธันวาคม | AC69: 0 | AD69: 0 | AE69: =AE19 -> 0 | AF69: =+AC69+AE69 -> 0
A70: ผลรวม | C70: =SUM(C58:C69) -> 438464.53 | D70: =SUM(D58:D69) -> 108239.81 | E70: =SUM(E58:E69) -> 10409.94 | F70: =SUM(F58:F69) -> 1826.78 | G70: =SUM(G58:G69) -> 0 | H70: =SUM(H58:H69) -> 558941.06 | M70: ผลรวม | N70: =SUM(N58:N69) -> 593.65 | O70: =SUM(O58:O69) -> 107609.76 | P70: =SUM(P58:P69) -> 0 | Q70: =SUM(Q58:Q69) -> 0 | R70: =SUM(R58:R69) -> 36.4 | S70: =SUM(S58:S69) -> 108203.41 | V70: ผลรวม | W70: =SUM(W58:W69) -> 102484.55 | X70: =SUM(X58:X69) -> 5755.26 | Y70: =SUM(Y58:Y69) -> 108239.81 | AB70: ผลรวม | AC70: =SUM(AC58:AC69) -> 10409.942 | AD70: =SUM(AD58:AD69) -> 22800 | AE70: =SUM(AE58:AE69) -> 0 | AF70: =SUM(AF58:AF69) -> 10409.942
C72: =+C70*100/H70 -> 78.445575 | D72: =+D70*100/H70 -> 19.365156 | E72: =+E70*100/H70 -> 1.8624397 | F72: =+F70*100/H70 -> 0.32682874 | G72: =+G70*100/H70 -> 0 | N72: =+N70*100/S70 -> 0.5486426 | O72: =+O70*100/S70 -> 99.451357 | P72: =+P70*100/S70 -> 0 | Q72: =+Q70*100/#REF! -> #REF! | R72: =+R70*100/S70 -> 0.033640345 | W72: =+W70*100/Y70 -> 94.682862 | X72: =+X70*100/Y70 -> 5.3171379
A75: สรุปยอดขายแยกประเภทสินค้าประจำปี 2567 (%) | L75: สรุปงานพิมพ์ ประจำปี 2567 (%) | U75: สรุป Supplier งานพิมพ์ ประจำปี 2567 (%) | AA75: ถุงคลุม/ชีท ประจำปี 2567 (%)
A76: ลำดับที่ | B76: เดือน | C76: ม้วนใส (กก.) | D76: ม้วนพิมพ์ (กก.) | E76: ถุงคลุม/ชีท (กก.) | F76: ฟิล์มยืด(กก,) | G76: ถุงหลอด(กก.) | H76: รวม (กก.) | I76: หมายเหตุ | L76: ลำดับที่ | M76: เดือน | N76: 1สี (กก.) | O76: 2สี (กก.) | P76: 3สี (กก.) | Q76: 4สี (กก.) | R76: 8สี (กก.) | S76: รวม (กก.) | U76: ลำดับที่ | V76: เดือน | W76: BWP | X76: ว่องไท | Y76: รวม (กก.) | AA76: ลำดับที่ | AB76: ลูกค้า | AC76: ผลิตเอง (กก.) | AD76: จำนวน( ใบ.) | AE76: จ้างภายนอก (กก.) | AF76: รวม (กก.)
A77: 1 | B77: มกราคม | C77: =C58*100/H58 -> 78.445575 | D77: =D58*100/H58 -> 19.365156 | E77: =E58*100/H58 -> 1.8624397 | F77: =F58*100/H58 -> 0.32682874 | G77: =G58*100/H58 -> 0 | H77: =+C77+D77+E77+F77+G77 -> 100 | L77: 1 | M77: มกราคม | N77: =N58*100/S58 -> 0.5486426 | O77: =O58*100/S58 -> 99.451357 | S77: =+N77+O77 -> 100 | U77: 1 | V77: มกราคม | W77: =W58*100/Y58 -> 94.682862 | X77: =X58*100/Y58 -> 5.3171379 | Y77: =+W77+X77 -> 100 | AA77: 1 | AB77: มกราคม | AC77: =AC58*100/AF58 -> 100 | AE77: =AE58*100/AF58 -> 0 | AF77: =+AC77+AE77 -> 100
A78: 2 | B78: กุมภาพันธ์ | C78: =C59*100/H59 -> #DIV/0! | D78: =D59*100/H59 -> #DIV/0! | E78: =E59*100/H59 -> #DIV/0! | F78: =F59*100/H59 -> #DIV/0! | G78: =G59*100/H59 -> #DIV/0! | H78: =+C78+D78+E78+F78+G78 -> #DIV/0! | L78: 2 | M78: กุมภาพันธ์ | N78: =N59*100/S59 -> #DIV/0! | O78: =O59*100/S59 -> #DIV/0! | S78: =+N78+O78+#REF! -> #DIV/0! | U78: 2 | V78: กุมภาพันธ์ | W78: =W59*100/Y59 -> #DIV/0! | X78: =X59*100/Y59 -> #DIV/0! | Y78: =+W78+X78 -> #DIV/0! | AA78: 2 | AB78: กุมภาพันธ์ | AC78: =AC59*100/AF59 -> #DIV/0! | AE78: =AE59*100/AF59 -> #DIV/0! | AF78: =+AC78+AE78 -> #DIV/0!
A79: 3 | B79: มีนาคม | C79: =C60*100/H60 -> #DIV/0! | D79: =D60*100/H60 -> #DIV/0! | E79: =E60*100/H60 -> #DIV/0! | F79: =F60*100/H60 -> #DIV/0! | G79: =G60*100/H60 -> #DIV/0! | H79: =+C79+D79+E79+F79+G79 -> #DIV/0! | L79: 3 | M79: มีนาคม | N79: =N60*100/S60 -> #DIV/0! | O79: =O60*100/S60 -> #DIV/0! | S79: =+N79+O79+#REF! -> #DIV/0! | U79: 3 | V79: มีนาคม | W79: =W60*100/Y60 -> #DIV/0! | X79: =X60*100/Y60 -> #DIV/0! | Y79: =+W79+X79 -> #DIV/0! | AA79: 3 | AB79: มีนาคม | AC79: =AC60*100/AF60 -> #DIV/0! | AE79: =AE60*100/AF60 -> #DIV/0! | AF79: =+AC79+AE79 -> #DIV/0!
A80: 4 | B80: เมษายน | C80: =C61*100/H61 -> #DIV/0! | D80: =D61*100/H61 -> #DIV/0! | E80: =E61*100/H61 -> #DIV/0! | F80: =F61*100/H61 -> #DIV/0! | G80: =G61*100/H61 -> #DIV/0! | H80: =+C80+D80+E80+F80+G80 -> #DIV/0! | L80: 4 | M80: เมษายน | N80: =N61*100/S61 -> #DIV/0! | O80: =O61*100/S61 -> #DIV/0! | S80: =+N80+O80+#REF! -> #DIV/0! | U80: 4 | V80: เมษายน | W80: =W61*100/Y61 -> #DIV/0! | X80: =X61*100/Y61 -> #DIV/0! | Y80: =+W80+X80 -> #DIV/0! | AA80: 4 | AB80: เมษายน | AC80: =AC61*100/AF61 -> #DIV/0! | AE80: =AE61*100/AF61 -> #DIV/0! | AF80: =+AC80+AE80 -> #DIV/0!
A81: 5 | B81: พฤษภาคม | C81: =C62*100/H62 -> #DIV/0! | D81: =D62*100/H62 -> #DIV/0! | E81: =E62*100/H62 -> #DIV/0! | F81: =F62*100/H62 -> #DIV/0! | G81: =G62*100/H62 -> #DIV/0! | H81: =+C81+D81+E81+F81+G81 -> #DIV/0! | L81: 5 | M81: พฤษภาคม | N81: =N62*100/S62 -> #DIV/0! | O81: =O62*100/S62 -> #DIV/0! | S81: =+N81+O81+#REF! -> #DIV/0! | U81: 5 | V81: พฤษภาคม | W81: =W62*100/Y62 -> #DIV/0! | X81: =X62*100/Y62 -> #DIV/0! | Y81: =+W81+X81 -> #DIV/0! | AA81: 5 | AB81: พฤษภาคม | AC81: =AC62*100/AF62 -> #DIV/0! | AE81: =AE62*100/AF62 -> #DIV/0! | AF81: =+AC81+AE81 -> #DIV/0!
A82: 6 | B82: มิถุนายน | C82: =C63*100/H63 -> #DIV/0! | D82: =D63*100/H63 -> #DIV/0! | E82: =E63*100/H63 -> #DIV/0! | F82: =F63*100/H63 -> #DIV/0! | G82: =G63*100/H63 -> #DIV/0! | H82: =+C82+D82+E82+F82+G82 -> #DIV/0! | L82: 6 | M82: มิถุนายน | N82: =N63*100/S63 -> #DIV/0! | O82: =O63*100/S63 -> #DIV/0! | S82: =+N82+O82+#REF! -> #DIV/0! | U82: 6 | V82: มิถุนายน | W82: =W63*100/Y63 -> #DIV/0! | X82: =X63*100/Y63 -> #DIV/0! | Y82: =+W82+X82 -> #DIV/0! | AA82: 6 | AB82: มิถุนายน | AC82: =AC63*100/AF63 -> #DIV/0! | AE82: =AE63*100/AF63 -> #DIV/0! | AF82: =+AC82+AE82 -> #DIV/0!
A83: 7 | B83: กรกฎาคม | C83: =C64*100/H64 -> #DIV/0! | D83: =D64*100/H64 -> #DIV/0! | E83: =E64*100/H64 -> #DIV/0! | F83: =F64*100/H64 -> #DIV/0! | G83: =G64*100/H64 -> #DIV/0! | H83: =+C83+D83+E83+F83+G83 -> #DIV/0! | L83: 7 | M83: กรกฎาคม | N83: =N64*100/S64 -> #DIV/0! | O83: =O64*100/S64 -> #DIV/0! | S83: =+N83+O83+#REF! -> #DIV/0! | U83: 7 | V83: กรกฎาคม | W83: =W64*100/Y64 -> #DIV/0! | X83: =X64*100/Y64 -> #DIV/0! | Y83: =+W83+X83 -> #DIV/0! | AA83: 7 | AB83: กรกฎาคม | AC83: =AC64*100/AF64 -> #DIV/0! | AE83: =AE64*100/AF64 -> #DIV/0! | AF83: =+AC83+AE83 -> #DIV/0!
A84: 8 | B84: สิงหาคม | C84: =C65*100/H65 -> #DIV/0! | D84: =D65*100/H65 -> #DIV/0! | E84: =E65*100/H65 -> #DIV/0! | F84: =F65*100/H65 -> #DIV/0! | G84: =G65*100/H65 -> #DIV/0! | H84: =+C84+D84+E84+F84+G84 -> #DIV/0! | L84: 8 | M84: สิงหาคม | N84: =N65*100/S65 -> #DIV/0! | O84: =O65*100/S65 -> #DIV/0! | S84: =+N84+O84+#REF! -> #DIV/0! | U84: 8 | V84: สิงหาคม | W84: =W65*100/Y65 -> #DIV/0! | X84: =X65*100/Y65 -> #DIV/0! | Y84: =+W84+X84 -> #DIV/0! | AA84: 8 | AB84: สิงหาคม | AC84: =AC65*100/AF65 -> #DIV/0! | AE84: =AE65*100/AF65 -> #DIV/0! | AF84: =+AC84+AE84 -> #DIV/0!
A85: 9 | B85: กันยายน | C85: =C66*100/H66 -> #DIV/0! | D85: =D66*100/H66 -> #DIV/0! | E85: =E66*100/H66 -> #DIV/0! | F85: =F66*100/H66 -> #DIV/0! | G85: =G66*100/H66 -> #DIV/0! | H85: =+C85+D85+E85+F85+G85 -> #DIV/0! | L85: 9 | M85: กันยายน | N85: =N66*100/S66 -> #DIV/0! | O85: =O66*100/S66 -> #DIV/0! | S85: =+N85+O85+#REF! -> #DIV/0! | U85: 9 | V85: กันยายน | W85: =W66*100/Y66 -> #DIV/0! | X85: =X66*100/Y66 -> #DIV/0! | Y85: =+W85+X85 -> #DIV/0! | AA85: 9 | AB85: กันยายน | AC85: =AC66*100/AF66 -> #DIV/0! | AE85: =AE66*100/AF66 -> #DIV/0! | AF85: =+AC85+AE85 -> #DIV/0!
A86: 10 | B86: ตุลาคม | C86: =C67*100/H67 -> #DIV/0! | D86: =D67*100/H67 -> #DIV/0! | E86: =E67*100/H67 -> #DIV/0! | F86: =F67*100/H67 -> #DIV/0! | G86: =G67*100/H67 -> #DIV/0! | H86: =+C86+D86+E86+F86+G86 -> #DIV/0! | L86: 10 | M86: ตุลาคม | N86: =N67*100/S67 -> #DIV/0! | O86: =O67*100/S67 -> #DIV/0! | P86: =P67*100/S67 -> #DIV/0! | Q86: =Q67*100/S67 -> #DIV/0! | R86: =R67*100/S67 -> #DIV/0! | S86: =N86+O86+P86+Q86+R86+#REF! -> #DIV/0! | U86: 10 | V86: ผลรวม | W86: =W67*100/Y67 -> #DIV/0! | X86: =X67*100/Y67 -> #DIV/0! | Y86: =+W86+X86 -> #DIV/0! | AA86: 10 | AB86: ตุลาคม | AC86: =AC67*100/AF67 -> #DIV/0! | AE86: =AE67*100/AF67 -> #DIV/0! | AF86: =+AC86+AE86 -> #DIV/0!
A87: 11 | B87: พฤศจิกายน | C87: =C68*100/H68 -> #DIV/0! | D87: =D68*100/H68 -> #DIV/0! | E87: =E68*100/H68 -> #DIV/0! | F87: =F68*100/H68 -> #DIV/0! | G87: =G68*100/H68 -> #DIV/0! | H87: =+C87+D87+E87+F87+G87 -> #DIV/0! | L87: 11 | M87: พฤศจิกายน | N87: =N68*100/S68 -> #DIV/0! | O87: =O68*100/S68 -> #DIV/0! | P87: =P68*100/S68 -> #DIV/0! | Q87: =Q68*100/S68 -> #DIV/0! | R87: =R68*100/S68 -> #DIV/0! | S87: =N87+O87+P87+Q87+R87+#REF! -> #DIV/0! | U87: 11 | V87: พฤศจิกายน | W87: =W68*100/Y68 -> #DIV/0! | X87: =X68*100/Y68 -> #DIV/0! | Y87: =+W87+X87 -> #DIV/0! | AA87: 11 | AB87: พฤศจิกายน | AC87: =AC68*100/AF68 -> #DIV/0! | AE87: =AE68*100/AF68 -> #DIV/0! | AF87: =+AC87+AE87 -> #DIV/0!
A88: 12 | B88: ธันวาคม | C88: =C69*100/H69 -> #DIV/0! | D88: =D69*100/H69 -> #DIV/0! | E88: =E69*100/H69 -> #DIV/0! | F88: =F69*100/H69 -> #DIV/0! | G88: =G69*100/H69 -> #DIV/0! | H88: =+C88+D88+E88+F88+G88 -> #DIV/0! | L88: 12 | M88: ธันวาคม | N88: =N69*100/S69 -> #DIV/0! | O88: =O69*100/S69 -> #DIV/0! | S88: =N88+O88+P88+Q88+R88+#REF! -> #DIV/0! | U88: 12 | V88: ธันวาคม | W88: =W69*100/Y69 -> #DIV/0! | X88: =X69*100/Y69 -> #DIV/0! | Y88: =+W88+X88 -> #DIV/0! | AA88: 12 | AB88: ธันวาคม | AC88: =AC69*100/AF69 -> #DIV/0! | AE88: =AE69*100/AF69 -> #DIV/0! | AF88: =+AC88+AE88 -> #DIV/0!
A89: ผลรวม | C89: =SUM(C77:C88) -> #DIV/0! | D89: =SUM(D77:D88) -> #DIV/0! | E89: =SUM(E77:E88) -> #DIV/0! | F89: =SUM(F77:F88) -> #DIV/0! | G89: =SUM(G77:G88) -> #DIV/0! | H89: =SUM(H77:H88) -> #DIV/0! | M89: ผลรวม | N89: =SUM(N77:N88) -> #DIV/0! | O89: =SUM(O77:O88) -> #DIV/0! | S89: =SUM(S77:S88) -> #DIV/0! | V89: ผลรวม | W89: =SUM(W77:W88) -> #DIV/0! | X89: =SUM(X77:X88) -> #DIV/0! | Y89: =SUM(Y77:Y88) -> #DIV/0! | AB89: ผลรวม | AC89: =SUM(AC77:AC88) -> #DIV/0! | AD89: =SUM(AD77:AD88) -> 0 | AE89: =SUM(AE77:AE88) -> #DIV/0! | AF89: =SUM(AF77:AF88) -> #DIV/0!

Sheet กุมภาพันธ์
A1: รายการขายสินค้า BWP เป็นผู้ผลิต
A2: บจก.ที.ซี.ฟาร์มาซูติคอล อุตสาหกรรม
A3: วันที่ | B3: ขนาด | C3: จำนวน(กก.) | D3: ราคา | E3: มูลค่าก่อน VAT | F3: VAT | G3: มูลค่ารวม VAT
A4: 28/02/69 | B4: 31 cm. x 50 mc. | C4: 464.95 | D4: 52 | E4: =+C4*D4 -> 24177.4 | F4: =+E4*7% -> 1692.418 | G4: =+E4+F4 -> 25869.818 | H4: 6902320
A5: 12/02/69 | B5: 34 cm. x 45 mc. | C5: 1863.3 | D5: 52 | E5: =+C5*D5 -> 96891.6 | F5: =+E5*7% -> 6782.412 | G5: =+E5+F5 -> 103674.01 | H5: 6902132
A6: 03/02/69 | B6: 49 cm. x 45mc.(สูตร 1) | C6: 483.2 | D6: 52 | E6: =+C6*D6 -> 25126.4 | F6: =+E6*7% -> 1758.848 | G6: =+E6+F6 -> 26885.248 | H6: 6902030
A7: 03/02/69 | B7: 49 cm. x 45mc.(สูตร 1) | C7: 499.05 | D7: 52 | E7: =+C7*D7 -> 25950.6 | F7: =+E7*7% -> 1816.542 | G7: =+E7+F7 -> 27767.142 | H7: 6902021
A8: 02/02/69 | B8: 54 cm. x 45 mc. | C8: 4797.3 | D8: 52 | E8: =+C8*D8 -> 249459.6 | F8: =+E8*7% -> 17462.172 | G8: =+E8+F8 -> 266921.77 | H8: 6902006
A9: 03/02/69 | B9: 54 cm. x 45 mc. | C9: 4793.49 | D9: 52 | E9: =+C9*D9 -> 249261.48 | F9: =+E9*7% -> 17448.304 | G9: =+E9+F9 -> 266709.78 | H9: 6902019
A10: 05/02/69 | B10: 54 cm. x 45 mc. | C10: 4783.67 | D10: 52 | E10: =+C10*D10 -> 248750.84 | F10: =+E10*7% -> 17412.559 | G10: =+E10+F10 -> 266163.4 | H10: 6902050
A11: 10/02/69 | B11: 54 cm. x 45 mc. | C11: 4793.64 | D11: 52 | E11: =+C11*D11 -> 249269.28 | F11: =+E11*7% -> 17448.85 | G11: =+E11+F11 -> 266718.13 | H11: 6902102
A12: 11/02/69 | B12: 54 cm. x 45 mc. | C12: 4799.3 | D12: 52 | E12: =+C12*D12 -> 249563.6 | F12: =+E12*7% -> 17469.452 | G12: =+E12+F12 -> 267033.05 | H12: 6902107
A13: 13/02/69 | B13: 54 cm. x 45 mc. | C13: 4791.09 | D13: 52 | E13: =+C13*D13 -> 249136.68 | F13: =+E13*7% -> 17439.568 | G13: =+E13+F13 -> 266576.25 | H13: 6902150
A14: 17/02/69 | B14: 54 cm. x 45 mc. | C14: 4785.48 | D14: 52 | E14: =+C14*D14 -> 248844.96 | F14: =+E14*7% -> 17419.147 | G14: =+E14+F14 -> 266264.11 | H14: 6902167
A15: 18/02/69 | B15: 54 cm. x 45 mc. | C15: 4782.93 | D15: 52 | E15: =+C15*D15 -> 248712.36 | F15: =+E15*7% -> 17409.865 | G15: =+E15+F15 -> 266122.23 | H15: 6902185
... A52: 10/02/69 | B52: 58cm x 45mc RB Classic 250ml.MY 2024 | C52: 1981.85 | D52: 104 | E52: =+C52*D52 -> 206112.4 | F52: =+E52*7% -> 14427.868 | G52: =+E52+F52 -> 220540.27 | H52: 6902096
B53: รวม | C53: =SUM(C4:C52) -> 113693.68 | E53: =SUM(E4:E52) -> 6724499.9 | F53: =SUM(F4:F52) -> 470714.99 | G53: =SUM(G4:G52) -> 7195214.9
A56: บจก.ไทยน้ำทิพย์ (คลอง13)
A57: วันที่ | B57: ขนาด | C57: จำนวน(กก.) | D57: ราคา | E57: มูลค่าก่อน VAT | F57: VAT | G57: มูลค่ารวม VAT
A58: 05/02/69 | B58: 38cm. x 55mc. | C58: 2411.75 | D58: 50.12 | E58: =+C58*D58 -> 120876.91 | F58: =+E58*7% -> 8461.3837 | G58: =+E58+F58 -> 129338.29 | H58: 6902057
A59: 12/02/69 | B59: 50 cm. x 70mc. | C59: 1567.15 | D59: 50.12 | E59: =+C59*D59 -> 78545.558 | F59: =+E59*7% -> 5498.1891 | G59: =+E59+F59 -> 84043.747 | H59: 6902128
A60: 17/02/69 | B60: 50 cm. x 75mc. | C60: 2580.75 | D60: 50.12 | E60: =+C60*D60 -> 129347.19 | F60: =+E60*7% -> 9054.3033 | G60: =+E60+F60 -> 138401.49 | H60: 6902182
A61: 07/02/69 | B61: 50 cm. x 80mc. | C61: 5130 | D61: 50.12 | E61: =+C61*D61 -> 257115.6 | F61: =+E61*7% -> 17998.092 | G61: =+E61+F61 -> 275113.69 | H61: 6902076
A62: 20/02/69 | B62: 50 cm. x 80mc. | C62: 3925.95 | D62: 50.12 | E62: =+C62*D62 -> 196768.61 | F62: =+E62*7% -> 13773.803 | G62: =+E62+F62 -> 210542.42 | H62: 6902225
A63: 21/02/69 | B63: 50 cm. x 80mc. | C63: 1055.4 | D63: 50.12 | E63: =+C63*D63 -> 52896.648 | F63: =+E63*7% -> 3702.7654 | G63: =+E63+F63 -> 56599.413 | H63: 6902229
A64: 25/02/69 | B64: 50 cm. x 80mc. | C64: 4960.85 | D64: 50.12 | E64: =+C64*D64 -> 248637.8 | F64: =+E64*7% -> 17404.646 | G64: =+E64+F64 -> 266042.45 | H64: 6902279
A65: 07/02/69 | B65: 57cm. x 75mc. | C65: 4486.8 | D65: 50.12 | E65: =+C65*D65 -> 224878.42 | F65: =+E65*7% -> 15741.489 | G65: =+E65+F65 -> 240619.91 | H65: 6902074
A66: 17/02/69 | B66: 57cm. x 75mc. | C66: 4862.3 | D66: 50.12 | E66: =+C66*D66 -> 243698.48 | F66: =+E66*7% -> 17058.893 | G66: =+E66+F66 -> 260757.37 | H66: 6902181
A67: 06/02/69 | B67: 57cm. x 80mc.(สีแดง) | C67: 5018.35 | D67: 60.12 | E67: =+C67*D67 -> 301703.2 | F67: =+E67*7% -> 21119.224 | G67: =+E67+F67 -> 322822.43 | H67: 6902061
A68: 20/02/69 | B68: 57cm. x 80mc.(สีแดง) | C68: 6103.7 | D68: 60.12 | E68: =+C68*D68 -> 366954.44 | F68: =+E68*7% -> 25686.811 | G68: =+E68+F68 -> 392641.26 | H68: 6902224
A69: 21/02/69 | B69: 57cm. x 80mc.(สีแดง) | C69: 5101.1 | D69: 60.12 | E69: =+C69*D69 -> 306678.13 | F69: =+E69*7% -> 21467.469 | G69: =+E69+F69 -> 328145.6 | H69: 6902228
... A76: 11/02/69 | B76: 84 cm. X 55 mc. | C76: 1330.05 | D76: 50.12 | E76: =+C76*D76 -> 66662.106 | F76: =+E76*7% -> 4666.3474 | G76: =+E76+F76 -> 71328.453 | H76: 6902123
B77: รวม | C77: =SUM(C58:C76) -> 71729.3 | E77: =SUM(E58:E76) -> 3817994.5 | F77: =SUM(F58:F76) -> 267259.62 | G77: =SUM(G58:G76) -> 4085254.1
A79: บจก.ไทยน้ำทิพย์ (โคราช)
A80: วันที่ | B80: ขนาด | C80: จำนวน(กก.) | D80: ราคา | E80: มูลค่าก่อน VAT | F80: VAT | G80: มูลค่ารวม VAT
A81: 27/02/69 | B81: 50cm. x 75mc. | C81: 3059.35 | D81: 50.12 | E81: =+C81*D81 -> 153334.62 | F81: =+E81*7% -> 10733.424 | G81: =+E81+F81 -> 164068.05 | H81: 6902304
A82: 05/02/69 | B82: 50 cm. x 80mc. | C82: 6061.65 | D82: 50.12 | E82: =+C82*D82 -> 303809.9 | F82: =+E82*7% -> 21266.693 | G82: =+E82+F82 -> 325076.59 | H82: 6902055
A83: 09/02/69 | B83: 50cm. x 80mc. | C83: 6014.25 | D83: 50.12 | E83: =+C83*D83 -> 301434.21 | F83: =+E83*7% -> 21100.395 | G83: =+E83+F83 -> 322534.6 | H83: 6902083
A84: 12/02/69 | B84: 50cm. x 80mc. | C84: 6062.05 | D84: 50.12 | E84: =+C84*D84 -> 303829.95 | F84: =+E84*7% -> 21268.096 | G84: =+E84+F84 -> 325098.04 | H84: 6902129
A85: 23/02/69 | B85: 50cm. x 80mc. | C85: 6071 | D85: 50.12 | E85: =+C85*D85 -> 304278.52 | F85: =+E85*7% -> 21299.496 | G85: =+E85+F85 -> 325578.02 | H85: 6902240
A86: 02/02/69 | B86: 52cm. x 80mc. | C86: 2907 | D86: 50.12 | E86: =+C86*D86 -> 145698.84 | F86: =+E86*7% -> 10198.919 | G86: =+E86+F86 -> 155897.76 | H86: 6902002
A87: 19/02/69 | B87: 52cm. x 80mc. | C87: 2458.8 | D87: 50.12 | E87: =+C87*D87 -> 123235.06 | F87: =+E87*7% -> 8626.4539 | G87: =+E87+F87 -> 131861.51 | H87: 6902202
A88: 25/02/69 | B88: 52cm. x 80mc. | C88: 2662.75 | D88: 50.12 | E88: =+C88*D88 -> 133457.03 | F88: =+E88*7% -> 9341.9921 | G88: =+E88+F88 -> 142799.02 | H88: 6902269
A89: 02/02/69 | B89: 54cm. x 60mc.สีแดง | C89: 859.81 | D89: 60.12 | E89: =+C89*D89 -> 51691.777 | F89: =+E89*7% -> 3618.4244 | G89: =+E89+F89 -> 55310.202 | H89: 6902003
A90: 05/02/69 | B90: 54cm. x 75mc. | C90: 3833.55 | D90: 50.12 | E90: =+C90*D90 -> 192137.53 | F90: =+E90*7% -> 13449.627 | G90: =+E90+F90 -> 205587.15 | H90: 6902056
A91: 18/02/69 | B91: 54cm. x 75mc. | C91: 6114.89 | D91: 50.12 | E91: =+C91*D91 -> 306478.29 | F91: =+E91*7% -> 21453.48 | G91: =+E91+F91 -> 327931.77 | H91: 6902196
A92: 02/02/69 | B92: 76 cm. X 55 mc. | C92: 2727 | D92: 50.12 | E92: =+C92*D92 -> 136677.24 | F92: =+E92*7% -> 9567.4068 | G92: =+E92+F92 -> 146244.65 | H92: 6902001
... A96: 27/02/69 | B96: 76 cm. X 55 mc. | C96: 2958.25 | D96: 50.12 | E96: =+C96*D96 -> 148267.49 | F96: =+E96*7% -> 10378.724 | G96: =+E96+F96 -> 158646.21 | H96: 6902303
B97: รวม | C97: =SUM(C81:C96) -> 59822.2 | E97: =SUM(E81:E96) -> 3006886.8 | F97: =SUM(F81:F96) -> 210482.07 | G97: =SUM(G81:G96) -> 3217368.8
A99: บจก.ไทยน้ำทิพย์ (ปทุมธานี)
A100: วันที่ | B100: ขนาด | C100: จำนวน(กก.) | D100: ราคา | E100: มูลค่าก่อน VAT | F100: VAT | G100: มูลค่ารวม VAT
A101: 11/02/69 | B101: 50 cm. x 75mc. | C101: 6116.3 | D101: 50.12 | E101: =+C101*D101 -> 306548.96 | F101: =+E101*7% -> 21458.427 | G101: =+E101+F101 -> 328007.38 | H101: 6902120
A102: 17/02/69 | B102: 50 cm. x 75mc. | C102: 6145.4 | D102: 50.12 | E102: =+C102*D102 -> 308007.45 | F102: =+E102*7% -> 21560.521 | G102: =+E102+F102 -> 329567.97 | H102: 6902180
A103: 27/02/69 | B103: 50 cm. x 75mc. | C103: 4105.3 | D103: 50.12 | E103: =+C103*D103 -> 205757.64 | F103: =+E103*7% -> 14403.035 | G103: =+E103+F103 -> 220160.67 | H103: 6902314
A104: 03/02/69 | B104: 53 cm. x 70mc. | C104: 2712.85 | D104: 50.12 | E104: =+C104*D104 -> 135968.04 | F104: =+E104*7% -> 9517.7629 | G104: =+E104+F104 -> 145485.8 | H104: 6902031
A105: 11/02/69 | B105: 53 cm. x 70mc. | C105: 5495.35 | D105: 50.12 | E105: =+C105*D105 -> 275426.94 | F105: =+E105*7% -> 19279.886 | G105: =+E105+F105 -> 294706.83 | H105: 6902121
A106: 27/02/69 | B106: 53 cm. x 70mc. | C106: 1450.9 | D106: 50.12 | E106: =+C106*D106 -> 72719.108 | F106: =+E106*7% -> 5090.3376 | G106: =+E106+F106 -> 77809.446 | H106: 6902315
B107: รวม | C107: =SUM(C101:C106) -> 26026.1 | E107: =SUM(E101:E106) -> 1304428.1 | F107: =SUM(F101:F106) -> 91309.969 | G107: =SUM(G101:G106) -> 1395738.1
A109: บมจ.หาดทิพย์
A110: วันที่ | B110: ขนาด | C110: จำนวน(กก.) | D110: ราคา | E110: มูลค่าก่อน VAT | F110: VAT | G110: มูลค่ารวม VAT
A111: 10/02/69 | B111: 33 cm. X 55 mc. | C111: 1409.05 | D111: 53.3 | E111: =+C111*D111 -> 75102.365 | F111: =+E111*7% -> 5257.1655 | G111: =+E111+F111 -> 80359.531 | H111: 6902105
A112: 12/02/69 | B112: 38 cm. X 55 mc. | C112: 3007.9 | D112: 53.3 | E112: =+C112*D112 -> 160321.07 | F112: =+E112*7% -> 11222.475 | G112: =+E112+F112 -> 171543.54 | H112: 6902131
A113: 02/02/69 | B113: 50 cm. X 65 mc. | C113: 3279.45 | D113: 53.3 | E113: =+C113*D113 -> 174794.68 | F113: =+E113*7% -> 12235.628 | G113: =+E113+F113 -> 187030.31 | H113: 6902018
A114: 03/02/69 | B114: 50 cm. X 65 mc. | C114: 3244.7 | D114: 53.3 | E114: =+C114*D114 -> 172942.51 | F114: =+E114*7% -> 12105.976 | G114: =+E114+F114 -> 185048.49 | H114: 6902020
A115: 08/02/69 | B115: 50 cm. X 65 mc. | C115: 3256 | D115: 53.3 | E115: =+C115*D115 -> 173544.8 | F115: =+E115*7% -> 12148.136 | G115: =+E115+F115 -> 185692.94 | H115: 6902081
A116: 08/02/69 | B116: 50 cm. X 65 mc. | C116: 812.05 | D116: 53.3 | E116: =+C116*D116 -> 43282.265 | F116: =+E116*7% -> 3029.7585 | G116: =+E116+F116 -> 46312.024 | H116: 6902081
A117: 10/02/69 | B117: 50 cm. X 65 mc. | C117: 5551.6 | D117: 53.3 | E117: =+C117*D117 -> 295900.28 | F117: =+E117*7% -> 20713.02 | G117: =+E117+F117 -> 316613.3 | H117: 6902105
A118: 16/02/69 | B118: 50 cm. X 65 mc. | C118: 5743.9 | D118: 53.3 | E118: =+C118*D118 -> 306149.87 | F118: =+E118*7% -> 21430.491 | G118: =+E118+F118 -> 327580.36 | H118: 6902165
A119: 22/02/69 | B119: 50 cm. X 65 mc. | C119: 803.5 | D119: 53.3 | E119: =+C119*D119 -> 42826.55 | F119: =+E119*7% -> 2997.8585 | G119: =+E119+F119 -> 45824.408 | H119: 6902231
A120: 22/02/69 | B120: 50 cm. X 65 mc. | C120: 6552.85 | D120: 53.3 | E120: =+C120*D120 -> 349266.91 | F120: =+E120*7% -> 24448.683 | G120: =+E120+F120 -> 373715.59 | H120: 6902230
A121: 25/02/69 | B121: 50 cm. X 65 mc. | C121: 2824.5 | D121: 53.3 | E121: =+C121*D121 -> 150545.85 | F121: =+E121*7% -> 10538.21 | G121: =+E121+F121 -> 161084.06 | H121: 6902285
A122: 25/02/69 | B122: 50 cm. X 65 mc. | C122: 3244.25 | D122: 53.3 | E122: =+C122*D122 -> 172918.52 | F122: =+E122*7% -> 12104.297 | G122: =+E122+F122 -> 185022.82 | H122: 6902282
... A131: 25/02/69 | B131: 70 cm. X 65 mc. | C131: 2752.05 | D131: 53.3 | E131: =+C131*D131 -> 146684.27 | F131: =+E131*7% -> 10267.899 | G131: =+E131+F131 -> 156952.16 | H131: 6902283
B132: รวม | C132: =SUM(C111:C131) -> 59832.07 | E132: =SUM(E111:E131) -> 3189049.3 | F132: =SUM(F111:F131) -> 223233.45 | G132: =SUM(G111:G131) -> 3412282.8
A134: บมจ.กรีนสปอต
A135: วันที่ | B135: ขนาด | C135: จำนวน(กก.) | D135: ราคา | E135: มูลค่าก่อน VAT | F135: VAT | G135: มูลค่ารวม VAT
A136: 26/02/69 | B136: PE180บน UHT 200mm x 40mic Mix P3 (PCR30%) | C136: 190.8 | D136: 56 | E136: =+C136*D136 -> 10684.8 | F136: =+E136*7% -> 747.936 | G136: =+E136+F136 -> 11432.736 | H136: 6902300
A137: 09/02/69 | B137: PE250บน UHT 215mm x 40mic Mix P3,6,12 (PCR30%) | C137: 467.79 | D137: 56 | E137: =+C137*D137 -> 26196.24 | F137: =+E137*7% -> 1833.7368 | G137: =+E137+F137 -> 28029.977 | H137: 6902091
A138: 20/02/69 | B138: PE250บน UHT 215mm x 40mic Mix P3,6,12(PCR30%) | C138: 509.74 | D138: 56 | E138: =+C138*D138 -> 28545.44 | F138: =+E138*7% -> 1998.1808 | G138: =+E138+F138 -> 30543.621 | H138: 6902219
A139: 26/02/69 | B139: PE250บน UHT 215mm x 40mic Mix P3,6,12(PCR30%) | C139: 930.89 | D139: 56 | E139: =+C139*D139 -> 52129.84 | F139: =+E139*7% -> 3649.0888 | G139: =+E139+F139 -> 55778.929 | H139: 6902301
A140: 05/02/69 | B140: PE200บน UHT 240mm x 40mic Mix P4 (PCR30%) | C140: 989.87 | D140: 56 | E140: =+C140*D140 -> 55432.72 | F140: =+E140*7% -> 3880.2904 | G140: =+E140+F140 -> 59313.01 | H140: 6902060
A141: 25/02/69 | B141: PE200บน UHT 240mm x 40mic Mix P4 (PCR30%) | C141: 990.29 | D141: 56 | E141: =+C141*D141 -> 55456.24 | F141: =+E141*7% -> 3881.9368 | G141: =+E141+F141 -> 59338.177 | H141: 6902275
A142: 24/02/69 | B142: PEบน TG 380mm x 45mic Mix P12(PCR30%) | C142: 968.45 | D142: 56 | E142: =+C142*D142 -> 54233.2 | F142: =+E142*7% -> 3796.324 | G142: =+E142+F142 -> 58029.524 | H142: 6902258
A143: 04/02/69 | B143: PE250 - UHTLow S 215mm x 40mic VLS2T P6 | C143: 193.55 | D143: 71.5 | E143: =+C143*D143 -> 13838.825 | F143: =+E143*7% -> 968.71775 | G143: =+E143+F143 -> 14807.543 | H143: 6902045
A144: 03/02/69 | B144: PE250 - UHT Dchoco 215mm x 40mic VDC2X P6 | C144: 195.7 | D144: 81 | E144: =+C144*D144 -> 15851.7 | F144: =+E144*7% -> 1109.619 | G144: =+E144+F144 -> 16961.319 | H144: 6902029
A145: 09/02/69 | B145: PE200- UHT MtiG 240mm x 40mic SMG P4 | C145: 189.15 | D145: 81 | E145: =+C145*D145 -> 15321.15 | F145: =+E145*7% -> 1072.4805 | G145: =+E145+F145 -> 16393.63 | H145: 6902092
A146: 20/02/69 | B146: PE200- UHT MtiG 240mm x 40mic SMG P4 | C146: 185.45 | D146: 81 | E146: =+C146*D146 -> 15021.45 | F146: =+E146*7% -> 1051.5015 | G146: =+E146+F146 -> 16072.951 | H146: 6902220
A147: 16/02/69 | B147: PE200-UHT Mti G 240 mm.x 40 mic. SMN1X P4 | C147: 91.2 | D147: 89 | E147: =+C147*D147 -> 8116.8 | F147: =+E147*7% -> 568.176 | G147: =+E147+F147 -> 8684.976 | H147: 6902163
... A180: 02/02/69 | B180: PE300 - TG Ori 540 mm.x 45 mic. SOGHX P6 (PCR30%) | C180: 294.18 | D180: 80 | E180: =+C180*D180 -> 23534.4 | F180: =+E180*7% -> 1647.408 | G180: =+E180+F180 -> 25181.808 | H180: 6902017
B181: รวม | C181: =SUM(C136:C180) -> 29669.29 | E181: =SUM(E136:E180) -> 2270684.6 | F181: =SUM(F136:F180) -> 158947.92 | G181: =SUM(G136:G180) -> 2429632.5
A183: บมจ.โอสถสภา
A184: วันที่ | B184: ขนาด | C184: จำนวน(เมตร) | D184: ราคา | E184: มูลค่าก่อน VAT | F184: VAT | G184: มูลค่ารวม VAT
A185: 04/02/69 | B185: 30.7cm. x 35mc. | C185: 108000 | D185: 0.64 | E185: =+C185*D185 -> 69120 | F185: =+E185*7% -> 4838.4 | G185: =+E185+F185 -> 73958.4 | H185: 6902034
A186: 06/02/69 | B186: 30.7cm. x 35mc. | C186: 108000 | D186: 0.64 | E186: =+C186*D186 -> 69120 | F186: =+E186*7% -> 4838.4 | G186: =+E186+F186 -> 73958.4 | H186: 6902065
A187: 16/02/69 | B187: 30.7cm. x 35mc. | C187: 108000 | D187: 0.64 | E187: =+C187*D187 -> 69120 | F187: =+E187*7% -> 4838.4 | G187: =+E187+F187 -> 73958.4 | H187: 6902162
A188: 12/02/69 | B188: 30.7cm. x 35mc. | C188: 156000 | D188: 0.64 | E188: =+C188*D188 -> 99840 | F188: =+E188*7% -> 6988.8 | G188: =+E188+F188 -> 106828.8 | H188: 6902141
A189: 18/02/69 | B189: 30.7cm. x 35mc. | C189: 108000 | D189: 0.64 | E189: =+C189*D189 -> 69120 | F189: =+E189*7% -> 4838.4 | G189: =+E189+F189 -> 73958.4 | H189: 6902188
A190: 19/02/69 | B190: 30.7cm. x 35mc. | C190: 108000 | D190: 0.64 | E190: =+C190*D190 -> 69120 | F190: =+E190*7% -> 4838.4 | G190: =+E190+F190 -> 73958.4 | H190: 6902204
A191: 23/02/69 | B191: 30.7cm. x 35mc. | C191: 108000 | D191: 0.64 | E191: =+C191*D191 -> 69120 | F191: =+E191*7% -> 4838.4 | G191: =+E191+F191 -> 73958.4 | H191: 6902235
A192: 25/02/69 | B192: 30.7cm. x 35mc. | C192: 108000 | D192: 0.64 | E192: =+C192*D192 -> 69120 | F192: =+E192*7% -> 4838.4 | G192: =+E192+F192 -> 73958.4 | H192: 6902273
...

Sheet ยอดขายรวม กพ.
A1: รายการขายสินค้าประจำเดือน กุมภาพันธ์ 2569 | L1: งานพิมพ์ประจำเดือน กุมภาพันธ์ 2569 | U1: Supplier งานพิมพ์ประจำเดือน กุมภาพันธ์ 2569 | AA1: ถุงคลุม/ชีท ประจำเดือน กุมภาพันธ์ 2569
A2: ลำดับที่ | B2: ลูกค้า | C2: ม้วนใส (กก.) | D2: ม้วนพิมพ์ (กก.) | E2: ถุงคลุม/ชีท (กก.) | F2: ฟิล์มยืด(กก.) | G2: ถุงหลอด(กก.) | H2: รวม (กก.) | I2: หมายเหตุ | L2: ลำดับที่ | M2: ลูกค้า | N2: 1สี (กก.) | O2: 2สี (กก.) | P2: 3สี (กก.) | Q2: 4สี (กก.) | R2: 8สี (กก.) | S2: รวม (กก.) | U2: ลำดับที่ | V2: ลูกค้า | W2: BWP | X2: ว่องไท | Y2: รวม (กก.) | AA2: ลำดับที่ | AB2: ลูกค้า | AC2: ผลิตเอง (กก.) | AD2: จำนวน( ใบ.) | AE2: จ้างภายนอก (กก.) | AF2: รวม (กก.)
A3: 1 | B3: ไทยน้ำทิพย์ | C3: 157577.6 | D3: 0 | E3: 0 | F3: 0 | G3: 0 | H3: =+C3+D3+E3+F3+G3 -> 157577.6 | I3: 157577.6 | J3: =H3-I3 -> 0 | K3: =+H3*100/H52 -> 42.677562 | L3: 1 | N3: 0 | O3: 0 | P3: 0 | Q3: 0 | R3: 0 | S3: =+N3+O3+P3+Q3+R3 -> 0 | T3: =+S3*100/S12 -> #DIV/0! | U3: 1 | W3: 0 | X3: 0 | Y3: =+W3+X3 -> 0 | AA3: 1 | AC3: 0 | AD3: 0 | AE3: 0 | AF3: =+AC3+AE3 -> 0
A4: 2 | B4: ที.ซีฟาร์มาฯ | C4: 0 | D4: 0 | E4: 0 | F4: 0 | G4: 0 | H4: =+C4+D4+E4+F4+G4 -> 0 | I4: 113693.68 | J4: =H4-I4 -> -113693.68 | K4: =+H4*100/H52 -> 0 | L4: 2 | N4: 0 | O4: 0 | P4: 0 | Q4: 0 | R4: 0 | S4: =+N4+O4+P4+Q4+R4 -> 0 | T4: =+S4*100/S12 -> #DIV/0! | U4: 2 | W4: 0 | X4: 0 | Y4: =+W4+X4 -> 0 | AA4: 2 | AC4: 0 | AD4: 0 | AE4: 0 | AF4: =+AC4+AE4 -> 0
A5: 3 | B5: หาดทิพย์ | C5: 59832.07 | D5: 0 | E5: 0 | F5: 0 | G5: 0 | H5: =+C5+D5+E5+F5+G5 -> 59832.07 | I5: 59832.07 | J5: =H5-I5 -> 0 | K5: =+H5*100/H52 -> 16.204631 | L5: 3 | N5: 0 | O5: 0 | P5: 0 | Q5: 0 | R5: 0 | S5: =+N5+O5+P5+Q5+R5 -> 0 | T5: =+S5*100/S12 -> #DIV/0! | U5: 3 | W5: 0 | X5: 0 | Y5: =+W5+X5 -> 0 | AA5: 3 | AC5: 0 | AD5: 0 | AE5: 0 | AF5: =+AC5+AE5 -> 0
A6: 4 | B6: โอสถสภา | C6: 51817 | D6: 0 | E6: 0 | F6: 0 | G6: 0 | H6: =+C6+D6+E6+F6+G6 -> 51817 | I6: 51817 | J6: =H6-I6 -> 0 | K6: =+H6*100/H52 -> 14.033868 | L6: 4 | N6: 0 | O6: 0 | P6: 0 | Q6: 0 | R6: 0 | S6: =+N6+O6+P6+Q6+R6 -> 0 | T6: =+S6*100/S12 -> #DIV/0! | U6: 4 | W6: 0 | X6: 0 | Y6: =+W6+X6 -> 0 | AA6: 4 | AB6: ทรัพย์สุภา อินเตอร์เทรด | AC6: 0 | AD6: 0 | AE6: 0 | AF6: =+AC6+AE6 -> 0
A7: 5 | B7: กรีนสปอต | C7: 0 | D7: 0 | E7: 0 | F7: 0 | G7: 0 | H7: =+C7+D7+E7+F7+G7 -> 0 | I7: 29669.29 | J7: =H7-I7 -> -29669.29 | K7: =+H7*100/H52 -> 0 | L7: 5 | N7: 0 | O7: 0 | P7: 0 | Q7: 0 | R7: 0 | S7: =+N7+O7+P7+Q7+R7 -> 0 | T7: =+S7*100/S12 -> #DIV/0! | U7: 5 | W7: 0 | X7: 0 | Y7: =+W7+X7 -> 0 | AB7: ผลรวม | AC7: =SUM(AC3:AC6) -> 0 | AD7: =SUM(AD3:AD6) -> 0 | AE7: =SUM(AE3:AE6) -> 0 | AF7: =SUM(AF3:AF6) -> 0
A8: 6 | B8: ทิพย์นที (2005) | C8: 20249.1 | D8: 0 | E8: 0 | F8: 0 | G8: 0 | H8: =+C8+D8+E8+F8+G8 -> 20249.1 | I8: 20249.1 | J8: =H8-I8 -> 0 | K8: =+H8*100/H52 -> 5.4841693 | L8: 6 | N8: 0 | O8: 0 | P8: 0 | Q8: 0 | R8: 0 | S8: =+N8+O8+P8+Q8+R8 -> 0 | T8: =+S8*100/S12 -> #DIV/0! | U8: 6 | W8: 0 | X8: 0 | Y8: =+W8+X8 -> 0
A9: 7 | B9: เอ็มเอ็มพี คอร์ปอเรชั่น | C9: 18147.25 | D9: 0 | E9: 0 | F9: 0 | G9: 0 | H9: =+C9+D9+E9+F9+G9 -> 18147.25 | I9: 18147.25 | J9: =H9-I9 -> 0 | K9: =+H9*100/H52 -> 4.9149143 | L9: 7 | N9: 0 | O9: 0 | P9: 0 | Q9: 0 | R9: 0 | S9: =+N9+O9+P9+Q9+R9 -> 0 | T9: =+S9*100/S12 -> #DIV/0! | U9: 7 | W9: 0 | X9: 0 | Y9: =+W9+X9 -> 0
A10: 8 | B10: ฟรีสแลนด์คัมพิน่า | C10: 0 | D10: 16658.34 | E10: 0 | F10: 0 | G10: 0 | H10: =+C10+D10+E10+F10+G10 -> 16658.34 | I10: 16658.34 | J10: =H10-I10 -> 0 | K10: =+H10*100/H52 -> 4.511665 | L10: 8 | N10: 0 | O10: 0 | P10: 0 | Q10: 0 | R10: 0 | S10: =+N10+O10+P10+Q10+R10 -> 0 | T10: =+S10*100/S12 -> #DIV/0! | U10: 8 | W10: 0 | X10: 0 | Y10: =+W10+X10 -> 0
A11: 9 | B11: เสริมสุข | C11: 13145.65 | D11: 0 | E11: 0 | F11: 0 | G11: 0 | H11: =+C11+D11+E11+F11+G11 -> 13145.65 | I11: 13145.65 | J11: =H11-I11 -> 0 | K11: =+H11*100/H52 -> 3.5603049 | L11: 10 | N11: 0 | O11: 0 | P11: 0 | Q11: 0 | R11: 0 | S11: =+N11+O11+P11+Q11+R11 -> 0 | T11: =+S11*100/S12 -> #DIV/0! | U11: 10 | W11: 0 | X11: 0 | Y11: =+W11+X11 -> 0
A12: 10 | B12: แอดวานซ์ โนเลดจ์ เซอร์วิสเซส | C12: 0 | D12: 0 | E12: 0 | F12: 0 | G12: 0 | H12: =+C12+D12+E12+F12+G12 -> 0 | I12: 9956.2 | J12: =H12-I12 -> -9956.2 | K12: =+H12*100/H52 -> 0 | M12: ผลรวม | N12: =SUM(N3:N11) -> 0 | O12: =SUM(O3:O11) -> 0 | P12: =SUM(P3:P11) -> 0 | Q12: =SUM(Q3:Q11) -> 0 | R12: =SUM(R3:R11) -> 0 | S12: =SUM(S3:S11) -> 0 | V12: ผลรวม | W12: =SUM(W3:W11) -> 0 | X12: =SUM(X3:X11) -> 0 | Y12: =SUM(Y3:Y11) -> 0
A13: 11 | B13: โตโยไซกัน | C13: 0 | D13: 0 | E13: 0 | F13: 0 | G13: 0 | H13: =+C13+D13+E13+F13+G13 -> 0 | I13: 9762.9 | J13: =H13-I13 -> -9762.9
A14: 12 | B14: สหกรณ์โคนมหนองโพ | C14: 0 | D14: 0 | E14: 0 | F14: 0 | G14: 0 | H14: =+C14+D14+E14+F14+G14 -> 0 | I14: 7430.5 | J14: =H14-I14 -> -7430.5 | N14: =+N12*100/S12 -> #DIV/0! | O14: =+O12*100/S12 -> #DIV/0! | P14: =+P12*100/S12 -> #DIV/0! | Q14: =+Q12*100/S12 -> #DIV/0! | R14: =+R12*100/S12 -> #DIV/0! | W14: =+W12*100/Y12 -> #DIV/0! | X14: =+X12*100/Y12 -> #DIV/0!
A15: 13 | B15: กรีนสวิลล์ | C15: 7257.7 | D15: 0 | E15: 0 | F15: 0 | G15: 0 | H15: =+C15+D15+E15+F15+G15 -> 7257.7 | I15: 7257.7 | J15: =H15-I15 -> 0
A16: 14 | B16: เซเว่นสตาร์ | C16: 4524.3 | D16: 0 | E16: 0 | F16: 0 | G16: 0 | H16: =+C16+D16+E16+F16+G16 -> 4524.3 | I16: 4524.3 | J16: =H16-I16 -> 0
A17: 15 | B17: สยามไฟเบอร์ซีเมนต์กรุ๊ป | C17: 0 | D17: 0 | E17: 0 | F17: 0 | G17: 0 | H17: =+C17+D17+E17+F17+G17 -> 0 | I17: 4056.4 | J17: =H17-I17 -> -4056.4
A18: 16 | B18: สยามอุตสาหกรรมวัสดุทนไฟ | C18: 0 | D18: 0 | E18: 0 | F18: 0 | G18: 0 | H18: =+C18+D18+E18+F18+G18 -> 0 | I18: 3945.458 | J18: =H18-I18 -> -3945.458
A19: 17 | B19: ขายยาเพ็ญภาค | C19: 2996.25 | D19: 0 | E19: 0 | F19: 0 | G19: 0 | H19: =+C19+D19+E19+F19+G19 -> 2996.25 | I19: 2996.25 | J19: =H19-I19 -> 0
A20: 18 | B20: ปูนซิเมนต์ไทย(ท่าหลวง)(โรงงานเขาวง) | C20: 0 | D20: 0 | E20: 0 | F20: 0 | G20: 0 | H20: =+C20+D20+E20+F20+G20 -> 0 | I20: 2829 | J20: =H20-I20 -> -2829
A21: 19 | B21: ฐิติรัตน์ | C21: 2810.8 | D21: 0 | E21: 0 | F21: 0 | G21: 0 | H21: =+C21+D21+E21+F21+G21 -> 2810.8 | I21: 2810.8 | J21: =H21-I21 -> 0
A22: 20 | B22: ฐิติภัณฑ์ อินเตอร์พลัส | C22: 0 | D22: 0 | E22: 0 | F22: 0 | G22: 0 | H22: =+C22+D22+E22+F22+G22 -> 0 | I22: 2541.55 | J22: =H22-I22 -> -2541.55
A23: 21 | B23: เอ็น พลัส ชัพพลาย | C23: 0 | D23: 0 | E23: 2216 | F23: 0 | G23: 0 | H23: =+C23+D23+E23+F23+G23 -> 2216 | I23: 2216 | J23: =H23-I23 -> 0
A24: 22 | B24: ผลิตภัณฑ์ตราเพชร | C24: 0 | D24: 0 | E24: 0 | F24: 0 | G24: 0 | H24: =+C24+D24+E24+F24+G24 -> 0 | I24: 1994.9 | J24: =H24-I24 -> -1994.9
A25: 23 | B25: สุรใจฟู้ดส์อินดัสทรี | C25: 1975.25 | D25: 0 | E25: 0 | F25: 0 | G25: 0 | H25: =+C25+D25+E25+F25+G25 -> 1975.25 | I25: 1975.25 | J25: =H25-I25 -> 0
A26: 24 | B26: เพชรพาณิชย์ เบฟเวอเรจ | C26: 0 | D26: 0 | E26: 0 | F26: 0 | G26: 0 | H26: =+C26+D26+E26+F26+G26 -> 0 | I26: 1973.9 | J26: =H26-I26 -> -1973.9
... A51: 49 | B51: สุพิศ การพัฒน์ | C51: 0 | D51: 0 | E51: 0 | F51: 117.9 | G51: 0 | H51: =+C51+D51+E51+F51+G51 -> 117.9 | I51: 117.9 | J51: =H51-I51 -> 0
A52: ผลรวม | C52: =SUM(C3:C51) -> 347543.17 | D52: =SUM(D3:D51) -> 16658.34 | E52: =SUM(E3:E51) -> 2574.8 | F52: =SUM(F3:F51) -> 848.1 | G52: =SUM(G3:G51) -> 1603.8 | H52: =SUM(H3:H51) -> 369228.21 | I52: 561976.65 | J52: =H52-I52 -> -192748.44
C54: =+C52*100/H52 -> 94.126928 | D54: =+D52*100/H52 -> 4.511665 | E54: =+E52*100/H52 -> 0.6973465 | F54: =+F52*100/H52 -> 0.22969534 | G54: =+G52*100/H52 -> 0.43436551
A60: สรุปยอดขายแยกประเภทสินค้าประจำปี 2568 | L60: สรุปงานพิมพ์ ประจำปี 2568 | U60: สรุป Supplier งานพิมพ์ ประจำปี 2568 | AA60: ถุงคลุม/ชีท ประจำปี 2568
A61: ลำดับที่ | B61: เดือน | C61: ม้วนใส (กก.) | D61: ม้วนพิมพ์ (กก.) | E61: ถุงคลุม/ชีท (กก.) | F61: ฟิล์มยืด(กก,) | G61: ถุงหลอด(กก.) | H61: รวม (กก.) | I61: หมายเหตุ | L61: ลำดับที่ | M61: เดือน | N61: 1สี (กก.) | O61: 2สี (กก.) | P61: 3สี (กก.) | Q61: 4สี (กก.) | R61: 8สี (กก.) | S61: รวม (กก.) | U61: ลำดับที่ | V61: เดือน | W61: BWP | X61: ว่องไท | Y61: รวม (กก.) | AA61: ลำดับที่ | AB61: ลูกค้า | AC61: ผลิตเอง (กก.) | AD61: จำนวน( ใบ.) | AE61: จ้างภายนอก (กก.) | AF61: รวม (กก.)
A62: 1 | B62: มกราคม | C62: 438464.53 | D62: 108239.81 | E62: 10409.94 | F62: 1826.78 | G62: 0 | H62: =+C62+D62+E62+F62+G62 -> 558941.06 | L62: 1 | M62: มกราคม | N62: 593.65 | O62: 107609.76 | P62: 0 | Q62: 0 | R62: 36.4 | S62: =+N62+O62 -> 108203.41 | U62: 1 | V62: มกราคม | W62: 102484.55 | X62: 5755.26 | Y62: =+W62+X62 -> 108239.81 | AA62: 1 | AB62: มกราคม | AC62: 10409.942 | AD62: 22800 | AE62: 0 | AF62: =+AC62+AE62 -> 10409.942
A63: 2 | B63: กุมภาพันธ์ | H63: =+C63+D63+E63+F63+G63 -> 0 | L63: 2 | M63: กุมภาพันธ์ | S63: =+N63+O63 -> 0 | U63: 2 | V63: กุมภาพันธ์ | Y63: =+W63+X63 -> 0 | AA63: 2 | AB63: กุมภาพันธ์ | AC63: 0 | AD63: 0 | AE63: =AE9 -> 0 | AF63: =+AC63+AE63 -> 0
A64: 3 | B64: มีนาคม | H64: =+C64+D64+E64+F64+G64 -> 0 | L64: 3 | M64: มีนาคม | S64: =+N64+O64 -> 0 | U64: 3 | V64: มีนาคม | Y64: =+W64+X64 -> 0 | AA64: 3 | AB64: มีนาคม | AC64: 0 | AD64: 0 | AE64: =AE10 -> 0 | AF64: =+AC64+AE64 -> 0
A65: 4 | B65: เมษายน | H65: =+C65+D65+E65+F65+G65 -> 0 | L65: 4 | M65: เมษายน | S65: =+N65+O65 -> 0 | U65: 4 | V65: เมษายน | Y65: =+W65+X65 -> 0 | AA65: 4 | AB65: เมษายน | AC65: 0 | AD65: 0 | AE65: =AE11 -> 0 | AF65: =+AC65+AE65 -> 0
A66: 5 | B66: พฤษภาคม | H66: =+C66+D66+E66+F66+G66 -> 0 | L66: 5 | M66: พฤษภาคม | S66: =+N66+O66 -> 0 | U66: 5 | V66: พฤษภาคม | Y66: =+W66+X66 -> 0 | AA66: 5 | AB66: พฤษภาคม | AC66: 0 | AD66: 0 | AE66: =AE12 -> 0 | AF66: =+AC66+AE66 -> 0
A67: 6 | B67: มิถุนายน | H67: =+C67+D67+E67+F67+G67 -> 0 | L67: 6 | M67: มิถุนายน | S67: =+N67+O67 -> 0 | U67: 6 | V67: มิถุนายน | Y67: =+W67+X67 -> 0 | AA67: 6 | AB67: มิถุนายน | AC67: 0 | AD67: 0 | AE67: =AE13 -> 0 | AF67: =+AC67+AE67 -> 0
A68: 7 | B68: กรกฎาคม | H68: =+C68+D68+E68+F68+G68 -> 0 | L68: 7 | M68: กรกฎาคม | S68: =+N68+O68 -> 0 | U68: 7 | V68: กรกฎาคม | Y68: =+W68+X68 -> 0 | AA68: 7 | AB68: กรกฎาคม | AC68: 0 | AD68: 0 | AE68: =AE14 -> 0 | AF68: =+AC68+AE68 -> 0
A69: 8 | B69: สิงหาคม | H69: =+C69+D69+E69+F69+G69 -> 0 | L69: 8 | M69: สิงหาคม | S69: =+N69+O69 -> 0 | U69: 8 | V69: สิงหาคม | Y69: =+W69+X69 -> 0 | AA69: 8 | AB69: สิงหาคม | AC69: 0 | AD69: 0 | AE69: =AE15 -> 0 | AF69: =+AC69+AE69 -> 0
A70: 9 | B70: กันยายน | H70: =+C70+D70+E70+F70+G70 -> 0 | L70: 9 | M70: กันยายน | S70: =+N70+O70 -> 0 | U70: 9 | V70: กันยายน | Y70: =+W70+X70 -> 0 | AA70: 9 | AB70: กันยายน | AC70: 0 | AD70: 0 | AE70: =AE16 -> 0 | AF70: =+AC70+AE70 -> 0
A71: 10 | B71: ตุลาคม | H71: =+C71+D71+E71+F71+G71 -> 0 | L71: 10 | M71: ตุลาคม | S71: =+N71+O71 -> 0 | U71: 10 | V71: ตุลาคม | Y71: =+W71+X71 -> 0 | AA71: 10 | AB71: ตุลาคม | AC71: 0 | AD71: 0 | AE71: =AE17 -> 0 | AF71: =+AC71+AE71 -> 0
A72: 11 | B72: พฤศจิกายน | H72: =+C72+D72+E72+F72+G72 -> 0 | L72: 11 | M72: พฤศจิกายน | S72: =+N72+O72 -> 0 | U72: 11 | V72: พฤศจิกายน | Y72: =+W72+X72 -> 0 | AA72: 11 | AB72: พฤศจิกายน | AC72: 0 | AD72: 0 | AE72: =AE18 -> 0 | AF72: =+AC72+AE72 -> 0
A73: 12 | B73: ธันวาคม | H73: =+C73+D73+E73+F73+G73 -> 0 | L73: 12 | M73: ธันวาคม | S73: =+N73+O73 -> 0 | U73: 12 | V73: ธันวาคม | Y73: =+W73+X73 -> 0 | AA73: 12 | AB73: ธันวาคม | AC73: 0 | AD73: 0 | AE73: =AE19 -> 0 | AF73: =+AC73+AE73 -> 0
A74: ผลรวม | C74: =SUM(C62:C73) -> 438464.53 | D74: =SUM(D62:D73) -> 108239.81 | E74: =SUM(E62:E73) -> 10409.94 | F74: =SUM(F62:F73) -> 1826.78 | G74: =SUM(G62:G73) -> 0 | H74: =SUM(H62:H73) -> 558941.06 | M74: ผลรวม | N74: =SUM(N62:N73) -> 593.65 | O74: =SUM(O62:O73) -> 107609.76 | P74: =SUM(P62:P73) -> 0 | Q74: =SUM(Q62:Q73) -> 0 | R74: =SUM(R62:R73) -> 36.4 | S74: =SUM(S62:S73) -> 108203.41 | V74: ผลรวม | W74: =SUM(W62:W73) -> 102484.55 | X74: =SUM(X62:X73) -> 5755.26 | Y74: =SUM(Y62:Y73) -> 108239.81 | AB74: ผลรวม | AC74: =SUM(AC62:AC73) -> 10409.942 | AD74: =SUM(AD62:AD73) -> 22800 | AE74: =SUM(AE62:AE73) -> 0 | AF74: =SUM(AF62:AF73) -> 10409.942
C76: =+C74*100/H74 -> 78.445575 | D76: =+D74*100/H74 -> 19.365156 | E76: =+E74*100/H74 -> 1.8624397 | F76: =+F74*100/H74 -> 0.32682874 | G76: =+G74*100/H74 -> 0 | N76: =+N74*100/S74 -> 0.5486426 | O76: =+O74*100/S74 -> 99.451357 | P76: =+P74*100/S74 -> 0 | Q76: =+Q74*100/#REF! -> #REF! | R76: =+R74*100/S74 -> 0.033640345 | W76: =+W74*100/Y74 -> 94.682862 | X76: =+X74*100/Y74 -> 5.3171379
A79: สรุปยอดขายแยกประเภทสินค้าประจำปี 2567 (%) | L79: สรุปงานพิมพ์ ประจำปี 2567 (%) | U79: สรุป Supplier งานพิมพ์ ประจำปี 2567 (%) | AA79: ถุงคลุม/ชีท ประจำปี 2567 (%)
A80: ลำดับที่ | B80: เดือน | C80: ม้วนใส (กก.) | D80: ม้วนพิมพ์ (กก.) | E80: ถุงคลุม/ชีท (กก.) | F80: ฟิล์มยืด(กก,) | G80: ถุงหลอด(กก.) | H80: รวม (กก.) | I80: หมายเหตุ | L80: ลำดับที่ | M80: เดือน | N80: 1สี (กก.) | O80: 2สี (กก.) | P80: 3สี (กก.) | Q80: 4สี (กก.) | R80: 8สี (กก.) | S80: รวม (กก.) | U80: ลำดับที่ | V80: เดือน | W80: BWP | X80: ว่องไท | Y80: รวม (กก.) | AA80: ลำดับที่ | AB80: ลูกค้า | AC80: ผลิตเอง (กก.) | AD80: จำนวน( ใบ.) | AE80: จ้างภายนอก (กก.) | AF80: รวม (กก.)
A81: 1 | B81: มกราคม | C81: =C62*100/H62 -> 78.445575 | D81: =D62*100/H62 -> 19.365156 | E81: =E62*100/H62 -> 1.8624397 | F81: =F62*100/H62 -> 0.32682874 | G81: =G62*100/H62 -> 0 | H81: =+C81+D81+E81+F81+G81 -> 100 | L81: 1 | M81: มกราคม | N81: =N62*100/S62 -> 0.5486426 | O81: =O62*100/S62 -> 99.451357 | S81: =+N81+O81 -> 100 | U81: 1 | V81: มกราคม | W81: =W62*100/Y62 -> 94.682862 | X81: =X62*100/Y62 -> 5.3171379 | Y81: =+W81+X81 -> 100 | AA81: 1 | AB81: มกราคม | AC81: =AC62*100/AF62 -> 100 | AE81: =AE62*100/AF62 -> 0 | AF81: =+AC81+AE81 -> 100
A82: 2 | B82: กุมภาพันธ์ | C82: =C63*100/H63 -> #DIV/0! | D82: =D63*100/H63 -> #DIV/0! | E82: =E63*100/H63 -> #DIV/0! | F82: =F63*100/H63 -> #DIV/0! | G82: =G63*100/H63 -> #DIV/0! | H82: =+C82+D82+E82+F82+G82 -> #DIV/0! | L82: 2 | M82: กุมภาพันธ์ | N82: =N63*100/S63 -> #DIV/0! | O82: =O63*100/S63 -> #DIV/0! | S82: =+N82+O82+#REF! -> #DIV/0! | U82: 2 | V82: กุมภาพันธ์ | W82: =W63*100/Y63 -> #DIV/0! | X82: =X63*100/Y63 -> #DIV/0! | Y82: =+W82+X82 -> #DIV/0! | AA82: 2 | AB82: กุมภาพันธ์ | AC82: =AC63*100/AF63 -> #DIV/0! | AE82: =AE63*100/AF63 -> #DIV/0! | AF82: =+AC82+AE82 -> #DIV/0!
A83: 3 | B83: มีนาคม | C83: =C64*100/H64 -> #DIV/0! | D83: =D64*100/H64 -> #DIV/0! | E83: =E64*100/H64 -> #DIV/0! | F83: =F64*100/H64 -> #DIV/0! | G83: =G64*100/H64 -> #DIV/0! | H83: =+C83+D83+E83+F83+G83 -> #DIV/0! | L83: 3 | M83: มีนาคม | N83: =N64*100/S64 -> #DIV/0! | O83: =O64*100/S64 -> #DIV/0! | S83: =+N83+O83+#REF! -> #DIV/0! | U83: 3 | V83: มีนาคม | W83: =W64*100/Y64 -> #DIV/0! | X83: =X64*100/Y64 -> #DIV/0! | Y83: =+W83+X83 -> #DIV/0! | AA83: 3 | AB83: มีนาคม | AC83: =AC64*100/AF64 -> #DIV/0! | AE83: =AE64*100/AF64 -> #DIV/0! | AF83: =+AC83+AE83 -> #DIV/0!
A84: 4 | B84: เมษายน | C84: =C65*100/H65 -> #DIV/0! | D84: =D65*100/H65 -> #DIV/0! | E84: =E65*100/H65 -> #DIV/0! | F84: =F65*100/H65 -> #DIV/0! | G84: =G65*100/H65 -> #DIV/0! | H84: =+C84+D84+E84+F84+G84 -> #DIV/0! | L84: 4 | M84: เมษายน | N84: =N65*100/S65 -> #DIV/0! | O84: =O65*100/S65 -> #DIV/0! | S84: =+N84+O84+#REF! -> #DIV/0! | U84: 4 | V84: เมษายน | W84: =W65*100/Y65 -> #DIV/0! | X84: =X65*100/Y65 -> #DIV/0! | Y84: =+W84+X84 -> #DIV/0! | AA84: 4 | AB84: เมษายน | AC84: =AC65*100/AF65 -> #DIV/0! | AE84: =AE65*100/AF65 -> #DIV/0! | AF84: =+AC84+AE84 -> #DIV/0!
A85: 5 | B85: พฤษภาคม | C85: =C66*100/H66 -> #DIV/0! | D85: =D66*100/H66 -> #DIV/0! | E85: =E66*100/H66 -> #DIV/0! | F85: =F66*100/H66 -> #DIV/0! | G85: =G66*100/H66 -> #DIV/0! | H85: =+C85+D85+E85+F85+G85 -> #DIV/0! | L85: 5 | M85: พฤษภาคม | N85: =N66*100/S66 -> #DIV/0! | O85: =O66*100/S66 -> #DIV/0! | S85: =+N85+O85+#REF! -> #DIV/0! | U85: 5 | V85: พฤษภาคม | W85: =W66*100/Y66 -> #DIV/0! | X85: =X66*100/Y66 -> #DIV/0! | Y85: =+W85+X85 -> #DIV/0! | AA85: 5 | AB85: พฤษภาคม | AC85: =AC66*100/AF66 -> #DIV/0! | AE85: =AE66*100/AF66 -> #DIV/0! | AF85: =+AC85+AE85 -> #DIV/0!
A86: 6 | B86: มิถุนายน | C86: =C67*100/H67 -> #DIV/0! | D86: =D67*100/H67 -> #DIV/0! | E86: =E67*100/H67 -> #DIV/0! | F86: =F67*100/H67 -> #DIV/0! | G86: =G67*100/H67 -> #DIV/0! | H86: =+C86+D86+E86+F86+G86 -> #DIV/0! | L86: 6 | M86: มิถุนายน | N86: =N67*100/S67 -> #DIV/0! | O86: =O67*100/S67 -> #DIV/0! | S86: =+N86+O86+#REF! -> #DIV/0! | U86: 6 | V86: มิถุนายน | W86: =W67*100/Y67 -> #DIV/0! | X86: =X67*100/Y67 -> #DIV/0! | Y86: =+W86+X86 -> #DIV/0! | AA86: 6 | AB86: มิถุนายน | AC86: =AC67*100/AF67 -> #DIV/0! | AE86: =AE67*100/AF67 -> #DIV/0! | AF86: =+AC86+AE86 -> #DIV/0!
A87: 7 | B87: กรกฎาคม | C87: =C68*100/H68 -> #DIV/0! | D87: =D68*100/H68 -> #DIV/0! | E87: =E68*100/H68 -> #DIV/0! | F87: =F68*100/H68 -> #DIV/0! | G87: =G68*100/H68 -> #DIV/0! | H87: =+C87+D87+E87+F87+G87 -> #DIV/0! | L87: 7 | M87: กรกฎาคม | N87: =N68*100/S68 -> #DIV/0! | O87: =O68*100/S68 -> #DIV/0! | S87: =+N87+O87+#REF! -> #DIV/0! | U87: 7 | V87: กรกฎาคม | W87: =W68*100/Y68 -> #DIV/0! | X87: =X68*100/Y68 -> #DIV/0! | Y87: =+W87+X87 -> #DIV/0! | AA87: 7 | AB87: กรกฎาคม | AC87: =AC68*100/AF68 -> #DIV/0! | AE87: =AE68*100/AF68 -> #DIV/0! | AF87: =+AC87+AE87 -> #DIV/0!
A88: 8 | B88: สิงหาคม | C88: =C69*100/H69 -> #DIV/0! | D88: =D69*100/H69 -> #DIV/0! | E88: =E69*100/H69 -> #DIV/0! | F88: =F69*100/H69 -> #DIV/0! | G88: =G69*100/H69 -> #DIV/0! | H88: =+C88+D88+E88+F88+G88 -> #DIV/0! | L88: 8 | M88: สิงหาคม | N88: =N69*100/S69 -> #DIV/0! | O88: =O69*100/S69 -> #DIV/0! | S88: =+N88+O88+#REF! -> #DIV/0! | U88: 8 | V88: สิงหาคม | W88: =W69*100/Y69 -> #DIV/0! | X88: =X69*100/Y69 -> #DIV/0! | Y88: =+W88+X88 -> #DIV/0! | AA88: 8 | AB88: สิงหาคม | AC88: =AC69*100/AF69 -> #DIV/0! | AE88: =AE69*100/AF69 -> #DIV/0! | AF88: =+AC88+AE88 -> #DIV/0!
A89: 9 | B89: กันยายน | C89: =C70*100/H70 -> #DIV/0! | D89: =D70*100/H70 -> #DIV/0! | E89: =E70*100/H70 -> #DIV/0! | F89: =F70*100/H70 -> #DIV/0! | G89: =G70*100/H70 -> #DIV/0! | H89: =+C89+D89+E89+F89+G89 -> #DIV/0! | L89: 9 | M89: กันยายน | N89: =N70*100/S70 -> #DIV/0! | O89: =O70*100/S70 -> #DIV/0! | S89: =+N89+O89+#REF! -> #DIV/0! | U89: 9 | V89: กันยายน | W89: =W70*100/Y70 -> #DIV/0! | X89: =X70*100/Y70 -> #DIV/0! | Y89: =+W89+X89 -> #DIV/0! | AA89: 9 | AB89: กันยายน | AC89: =AC70*100/AF70 -> #DIV/0! | AE89: =AE70*100/AF70 -> #DIV/0! | AF89: =+AC89+AE89 -> #DIV/0!
A90: 10 | B90: ตุลาคม | C90: =C71*100/H71 -> #DIV/0! | D90: =D71*100/H71 -> #DIV/0! | E90: =E71*100/H71 -> #DIV/0! | F90: =F71*100/H71 -> #DIV/0! | G90: =G71*100/H71 -> #DIV/0! | H90: =+C90+D90+E90+F90+G90 -> #DIV/0! | L90: 10 | M90: ตุลาคม | N90: =N71*100/S71 -> #DIV/0! | O90: =O71*100/S71 -> #DIV/0! | P90: =P71*100/S71 -> #DIV/0! | Q90: =Q71*100/S71 -> #DIV/0! | R90: =R71*100/S71 -> #DIV/0! | S90: =N90+O90+P90+Q90+R90+#REF! -> #DIV/0! | U90: 10 | V90: ผลรวม | W90: =W71*100/Y71 -> #DIV/0! | X90: =X71*100/Y71 -> #DIV/0! | Y90: =+W90+X90 -> #DIV/0! | AA90: 10 | AB90: ตุลาคม | AC90: =AC71*100/AF71 -> #DIV/0! | AE90: =AE71*100/AF71 -> #DIV/0! | AF90: =+AC90+AE90 -> #DIV/0!
A91: 11 | B91: พฤศจิกายน | C91: =C72*100/H72 -> #DIV/0! | D91: =D72*100/H72 -> #DIV/0! | E91: =E72*100/H72 -> #DIV/0! | F91: =F72*100/H72 -> #DIV/0! | G91: =G72*100/H72 -> #DIV/0! | H91: =+C91+D91+E91+F91+G91 -> #DIV/0! | L91: 11 | M91: พฤศจิกายน | N91: =N72*100/S72 -> #DIV/0! | O91: =O72*100/S72 -> #DIV/0! | P91: =P72*100/S72 -> #DIV/0! | Q91: =Q72*100/S72 -> #DIV/0! | R91: =R72*100/S72 -> #DIV/0! | S91: =N91+O91+P91+Q91+R91+#REF! -> #DIV/0! | U91: 11 | V91: พฤศจิกายน | W91: =W72*100/Y72 -> #DIV/0! | X91: =X72*100/Y72 -> #DIV/0! | Y91: =+W91+X91 -> #DIV/0! | AA91: 11 | AB91: พฤศจิกายน | AC91: =AC72*100/AF72 -> #DIV/0! | AE91: =AE72*100/AF72 -> #DIV/0! | AF91: =+AC91+AE91 -> #DIV/0!
A92: 12 | B92: ธันวาคม | C92: =C73*100/H73 -> #DIV/0! | D92: =D73*100/H73 -> #DIV/0! | E92: =E73*100/H73 -> #DIV/0! | F92: =F73*100/H73 -> #DIV/0! | G92: =G73*100/H73 -> #DIV/0! | H92: =+C92+D92+E92+F92+G92 -> #DIV/0! | L92: 12 | M92: ธันวาคม | N92: =N73*100/S73 -> #DIV/0! | O92: =O73*100/S73 -> #DIV/0! | S92: =N92+O92+P92+Q92+R92+#REF! -> #DIV/0! | U92: 12 | V92: ธันวาคม | W92: =W73*100/Y73 -> #DIV/0! | X92: =X73*100/Y73 -> #DIV/0! | Y92: =+W92+X92 -> #DIV/0! | AA92: 12 | AB92: ธันวาคม | AC92: =AC73*100/AF73 -> #DIV/0! | AE92: =AE73*100/AF73 -> #DIV/0! | AF92: =+AC92+AE92 -> #DIV/0!
A93: ผลรวม | C93: =SUM(C81:C92) -> #DIV/0! | D93: =SUM(D81:D92) -> #DIV/0! | E93: =SUM(E81:E92) -> #DIV/0! | F93: =SUM(F81:F92) -> #DIV/0! | G93: =SUM(G81:G92) -> #DIV/0! | H93: =SUM(H81:H92) -> #DIV/0! | M93: ผลรวม | N93: =SUM(N81:N92) -> #DIV/0! | O93: =SUM(O81:O92) -> #DIV/0! | S93: =SUM(S81:S92) -> #DIV/0! | V93: ผลรวม | W93: =SUM(W81:W92) -> #DIV/0! | X93: =SUM(X81:X92) -> #DIV/0! | Y93: =SUM(Y81:Y92) -> #DIV/0! | AB93: ผลรวม | AC93: =SUM(AC81:AC92) -> #DIV/0! | AD93: =SUM(AD81:AD92) -> 0 | AE93: =SUM(AE81:AE92) -> #DIV/0! | AF93: =SUM(AF81:AF92) -> #DIV/0!

Sheet ลำดับ
B1: มกราคม | E1: กุมภาพันธ์ | H1: มีนาคม | K1: เมษายน | N1: พฤษภาคม
B2: บริษัท | C2: จำนวน(กก.) | E2: บริษัท | F2: จำนวน(กก.) | H2: บริษัท | I2: จำนวน(กก.) | K2: บริษัท | L2: จำนวน(กก.) | N2: บริษัท | O2: จำนวน(กก.)
A3: 1 | B3: ไทยน้ำทิพย์ | C3: =มกราคม!C76+มกราคม!C95+มกราคม!C110+มกราคม!C115 -> 151633.46 | D3: 1 | E3: ไทยน้ำทิพย์ | F3: =กุมภาพันธ์!C77+กุมภาพันธ์!C97+กุมภาพันธ์!C107 -> 157577.6 | G3: 1 | H3: ไทยน้ำทิพย์ | I3: =มีนาคม!C91+มีนาคม!C111+มีนาคม!C128 -> 169218.43 | J3: 1 | K3: ไทยน้ำทิพย์ | L3: =เมษายน!C113+เมษายน!C129+เมษายน!C148 -> 207602.08 | M3: 1 | N3: ไทยน้ำทิพย์ | O3: =พฤษภาคม!C92+พฤษภาคม!C108+พฤษภาคม!C124 -> 181757.49
A4: 2 | B4: ที.ซีฟาร์มาฯ | C4: =มกราคม!C55 -> 106756.59 | D4: 2 | E4: ที.ซีฟาร์มาฯ | F4: =กุมภาพันธ์!C53 -> 113693.68 | G4: 2 | H4: ที.ซีฟาร์มาฯ | I4: =มีนาคม!C67 -> 133183.56 | J4: 2 | K4: ที.ซีฟาร์มาฯ | L4: =เมษายน!C76 -> 169426.79 | M4: 2 | N4: ที.ซีฟาร์มาฯ | O4: =พฤษภาคม!C51 -> 162967.37
A5: 3 | B5: หาดทิพย์ | C5: =มกราคม!C154 -> 93627.69 | D5: 3 | E5: หาดทิพย์ | F5: =กุมภาพันธ์!C132 -> 59832.07 | G5: 3 | H5: หาดทิพย์ | I5: =มีนาคม!C201 -> 131868.14 | J5: 3 | K5: หาดทิพย์ | L5: =เมษายน!C193 -> 100224.13 | M5: 3 | N5: โอสถสภา | O5: =พฤษภาคม!C281 -> 58257.7
A6: 4 | B6: โอสถสภา | C6: =มกราคม!C283 -> 42651.8 | D6: 4 | E6: โอสถสภา | F6: =กุมภาพันธ์!C236 -> 51817 | G6: 4 | H6: โอสถสภา | I6: =มีนาคม!C352 -> 55416.7 | J6: 4 | K6: โอสถสภา | L6: =เมษายน!C290 -> 50673 | M6: 4 | N6: หาดทิพย์ | O6: =พฤษภาคม!C154 -> 50830.61
A7: 5 | B7: กรีนสปอต | C7: =มกราคม!C226+มกราคม!E234 -> 36103.35 | D7: 5 | E7: กรีนสปอต | F7: =กุมภาพันธ์!C181 -> 29669.29 | G7: 5 | H7: กรีนสปอต | I7: =มีนาคม!C273+มีนาคม!E282 -> 47678.57 | J7: 5 | K7: กรีนสปอต | L7: =เมษายน!C243 -> 33662.63 | M7: 5 | N7: กรีนสปอต | O7: =พฤษภาคม!C218 -> 48255.41
A8: 6 | B8: ฟรีสแลนด์คัมพิน่า | C8: =มกราคม!C590 -> 16057.48 | D8: 6 | E8: ทิพย์นที (2005) | F8: =กุมภาพันธ์!C585 -> 20249.1 | G8: 6 | H8: ฟรีสแลนด์คัมพิน่า | I8: =มีนาคม!C592 -> 14388.91 | J8: 6 | K8: เสริมสุข | L8: =เมษายน!C312+เมษายน!C319+เมษายน!C325+เมษายน!C331 -> 24339.85 | M8: 6 | N8: เสริมสุข | O8: =พฤษภาคม!C294+พฤษภาคม!C305+พฤษภาคม!C310+พฤษภาคม!C316 -> 26641.15
A9: 7 | B9: ทิพย์นที (2005) | C9: =มกราคม!C598 -> 14973.45 | D9: 7 | E9: เอ็มเอ็มพี คอร์ปอเรชั่น | F9: =กุมภาพันธ์!E397+กุมภาพันธ์!C415 -> 18147.25 | G9: 7 | H9: โตโยไซกัน | I9: =มีนาคม!C393+มีนาคม!C403+มีนาคม!C432 -> 13307.25 | J9: 7 | K9: โตโยไซกัน | L9: =เมษายน!C361+เมษายน!C388 -> 22757.4 | M9: 7 | N9: ทิพย์นที (2005) | O9: =พฤษภาคม!C560 -> 18313.05
A10: 8 | B10: โตโยไซกัน | C10: =มกราคม!C339+มกราคม!C374 -> 14359.08 | D10: 8 | E10: ฟรีสแลนด์คัมพิน่า | F10: =กุมภาพันธ์!C576 -> 16658.34 | G10: 8 | H10: เสริมสุข | I10: =มีนาคม!C367+มีนาคม!C374 -> 8923.4 | J10: 8 | K10: ฟรีสแลนด์คัมพิน่า | L10: =เมษายน!C553 -> 13143.23 | M10: 8 | N10: ฟรีสแลนด์คัมพิน่า | O10: =พฤษภาคม!C551 -> 12471.69
A11: 9 | B11: เสริมสุข | C11: =มกราคม!C297+มกราคม!C302+มกราคม!C307 -> 12205.4 | D11: 9 | E11: เสริมสุข | F11: =กุมภาพันธ์!C256+กุมภาพันธ์!C262 -> 13145.65 | G11: 9 | H11: เซเว่นสตาร์ | I11: =มีนาคม!C475+มีนาคม!C492 -> 6181.45 | J11: 9 | K11: อินคาวอเตอร์ | L11: =เมษายน!C657 -> 11889.9 | M11: 9 | N11: โตโยไซกัน | O11: =พฤษภาคม!C349+พฤษภาคม!C359+พฤษภาคม!C384 -> 11850.55
A12: 10 | B12: สหกรณ์โคนมหนองโพ | C12: =มกราคม!C319 -> 7961.1 | D12: 10 | E12: แอดวานซ์ โนเลดจ์ เซอร์วิสเซส | F12: =กุมภาพันธ์!C543 -> 9956.2 | G12: 10 | H12: สหกรณ์โคนมหนองโพ | I12: =มีนาคม!C361 -> 5999.4 | J12: 10 | K12: กรีนสวิลล์ | L12: =เมษายน!C418 -> 9573.8 | M12: 10 | N12: สยามอุตสาหกรรมวัสดุทนไฟ | O12: =พฤษภาคม!F479 -> 8349.98
B13: กรีนสวิลล์ | C13: =มกราคม!C410 -> 7209.95 | E13: โตโยไซกัน | F13: =กุมภาพันธ์!C289+กุมภาพันธ์!C302+กุมภาพันธ์!C328 -> 9762.9 | H13: เอ็มเอ็มพี คอร์ปอเรชั่น | I13: =มีนาคม!C441 -> 5907.55 | K13: ทิพย์นที (2005) | L13: =เมษายน!C560 -> 9551.15 | N13: สหกรณ์โคนมหนองโพ | O13: =พฤษภาคม!C328 -> 7208.6
B14: เอ็มเอ็มพี คอร์ปอเรชั่น | C14: =มกราคม!C448 -> 6263.1 | E14: สหกรณ์โคนมหนองโพ | F14: =กุมภาพันธ์!C271 -> 7430.5 | H14: กรีนสวิลล์ | I14: =มีนาคม!C470 -> 5684.15 | K14: สเปซ วอเตอร์ | L14: =เมษายน!C686 -> 8634.35 | N14: กรีนสวิลล์ | O14: =พฤษภาคม!C413 -> 6036.4
B15: สยามอุตสาหกรรมวัสดุทนไฟ | C15: =มกราคม!F472 -> 5361.992 | E15: กรีนสวิลล์ | F15: =กุมภาพันธ์!C363 -> 7257.7 | H15: แอดวานซ์ โนเลดจ์ เซอร์วิสเซส | I15: =มีนาคม!C623 -> 4962.37 | K15: เอ็มเอ็มพี คอร์ปอเรชั่น | L15: =เมษายน!C455 -> 5983.25 | N15: อินคาวอเตอร์ | O15: =พฤษภาคม!C659 -> 5982.95
B16: แอดวานซ์ โนเลดจ์ เซอร์วิสเซส | C16: =มกราคม!C554 -> 4941.7 | E16: เซเว่นสตาร์ | F16: =กุมภาพันธ์!C381 -> 4524.3 | H16: สยามอุตสาหกรรมวัสดุทนไฟ | I16: =มีนาคม!F549 -> 4909.7008 | K16: สยามไฟเบอร์ซีเมนต์กรุ๊ป | L16: =เมษายน!C648 -> 5019.25 | N16: Lao Coca-Col | O16: =พฤษภาคม!C129 -> 5976.1
B17: เอ็น พลัส ชัพพลาย | C17: =มกราคม!E334 -> 4432 | E17: สยามไฟเบอร์ซีเมนต์กรุ๊ป | F17: =กุมภาพันธ์!C713 -> 4056.4 | H17: ทิพย์นที (2005) | I17: =มีนาคม!C633 -> 4701.8 | K17: เซเว่นสตาร์ | L17: =เมษายน!C423+เมษายน!C440 -> 4707.9 | N17: ผลิตภัณฑ์ตราเพชร | O17: =พฤษภาคม!C578 -> 4971.1
B18: ขายยาเพ็ญภาค | C18: =มกราคม!C292 -> 3929.85 | E18: สยามอุตสาหกรรมวัสดุทนไฟ | F18: =กุมภาพันธ์!F454 -> 3945.458 | H18: เพชรพาณิชย์ เบฟเวอเรจ | I18: =มีนาคม!C664 -> 4118.5 | K18: ขายยาเพ็ญภาค | L18: =เมษายน!C299 -> 4562.15 | N18: พลอยพรรณราย อินดัสตรี | O18: =พฤษภาคม!C520 -> 3885.05
B19: สยามไฟเบอร์ซีเมนต์กรุ๊ป | C19: =มกราคม!C647 -> 3586.2 | E19: ขายยาเพ็ญภาค | F19: =กุมภาพันธ์!C243 -> 2996.25 | H19: ฐิติรัตน์ | I19: =มีนาคม!C658 -> 3987.95 | K19: ปูนซิเมนต์ไทย(ท่าหลวง)(โรงงานเขาวง) | L19: =เมษายน!C461+เมษายน!F471 -> 3807.85 | N19: ขายยาเพ็ญภาค | O19: =พฤษภาคม!C288 -> 2994.75
B20: เซเว่นสตาร์ | C20: =มกราคม!C427 -> 3459.3 | E20: ปูนซิเมนต์ไทย(ท่าหลวง)(โรงงานเขาวง) | F20: =กุมภาพันธ์!F426 -> 2829 | H20: เถิงธงพานิชย์ | I20: =มีนาคม!C563 -> 3488.05 | K20: ผลิตภัณฑ์ตราเพชร | L20: =เมษายน!C575+เมษายน!C581 -> 3785.5 | N20: ชิโคะคุ | O20: =พฤษภาคม!C333 -> 2969.05
B21: เถิงธงพานิชย์ | C21: =มกราคม!C495 -> 2747.6 | E21: ฐิติรัตน์ | F21: =กุมภาพันธ์!C627 -> 2810.8 | H21: ฐิติภัณฑ์ อินเตอร์พลัส | I21: =มีนาคม!E519+มีนาคม!C534 -> 3158.85 | K21: เพ็ญภาคไวเนอรี่ | L21: =เมษายน!C306 -> 2980.55 | N21: เพชรพาณิชย์ เบฟเวอเรจ | O21: =พฤษภาคม!C591 -> 2927.95
B22: ซันสวีท | C22: =มกราคม!C488 -> 2566.65 | E22: ฐิติภัณฑ์ อินเตอร์พลัส | F22: =กุมภาพันธ์!C439 -> 2541.55 | H22: ปูนซิเมนต์ไทย(ท่าหลวง)(โรงงานเขาวง) | I22: =มีนาคม!F510 -> 2829 | K22: ชิโคะคุ | L22: =เมษายน!C343 -> 2581.95 | N22: ฐิติภัณฑ์ อินเตอร์พลัส | O22: =พฤษภาคม!C455 -> 2701.6
B23: พลอยพรรณราย อินดัสตรี | C23: =มกราคม!C529 -> 2560.55 | E23: เอ็น พลัส ชัพพลาย | F23: =กุมภาพันธ์!E283 -> 2216 | H23: เอ็น พลัส ชัพพลาย | I23: =มีนาคม!E386 -> 2216 | K23: ฐิติภัณฑ์ อินเตอร์พลัส | L23: =เมษายน!C482 -> 2544.05 | N23: เถิงธง | O23: =พฤษภาคม!C506 -> 2573.7
B24: สุรใจฟู้ดส์อินดัสทรี | C24: =มกราคม!C516 -> 2378.5 | E24: ผลิตภัณฑ์ตราเพชร | F24: =กุมภาพันธ์!C592 -> 1994.9 | H24: ขายยาเพ็ญภาค | I24: =มีนาคม!C289 -> 2161.6 | K24: สหกรณ์โคนมหนองโพ | L24: =เมษายน!C337 -> 2489.8 | N24: ยูนิ-เพรสซิเดนท์ | O24: =พฤษภาคม!C566 -> 2081.4
B25: ฐิติภัณฑ์ อินเตอร์พลัส | C25: =มกราคม!C456 -> 1972 | E25: สุรใจฟู้ดส์อินดัสทรี | F25: =กุมภาพันธ์!C495 -> 1975.25 | H25: สยามไฟเบอร์ซีเมนต์กรุ๊ป | I25: =มีนาคม!C718 -> 2104.25 | K25: ไบเออร์สด๊อฟ | L25: =เมษายน!C612 -> 2447 | N25: ซันสวีท | O25: =พฤษภาคม!C491 -> 1952.45
B26: เพชรพาณิชย์ เบฟเวอเรจ | C26: =มกราคม!C608 -> 1951.65 | E26: เพชรพาณิชย์ เบฟเวอเรจ | F26: =กุมภาพันธ์!C633 -> 1973.9 | H26: จอมธนา | I26: =มีนาคม!C687 -> 1983.75 | K26: จอมธนา | L26: =เมษายน!C630 -> 2078.85 | N26: เซเว่นสตาร์ | O26: =พฤษภาคม!C418+พฤษภาคม!C429 -> 1792.65
B27: ทิปโก้ | C27: =มกราคม!C439 -> 1589.6 | E27: Beiedorf (Thailand) | F27: =กุมภาพันธ์!C680 -> 1603.8 | H27: สุรใจฟู้ดส์อินดัสทรี | I27: =มีนาคม!C612 -> 1971.35 | K27: เอ็น พลัส ชัพพลาย | L27: =เมษายน!E351 -> 1994.4 | N27: ที.ที.วิน เอ็นจิเนียริ่ง | O27: =พฤษภาคม!C526 -> 1771
B28: จอมธนา | C28: =มกราคม!C627 -> 1408.34 | E28: พลอยพรรณราย อินดัสตรี | F28: =กุมภาพันธ์!C502 -> 1364.85 | H28: อินคาวอเตอร์ | I28: =มีนาคม!C759 -> 1915.75 | K28: สุรใจฟู้ดส์อินดัสทรี | L28: =เมษายน!C521 -> 1549.5 | N28: เอ็น พลัส ชัพพลาย | O28: =พฤษภาคม!E340 -> 1551.2
B29: ชิโคะคุ | C29: =มกราคม!C324 -> 1034.15 | E29: ทิปโก้ | F29: =กุมภาพันธ์!C390 -> 1222.25 | H29: พลอยพรรณราย อินดัสตรี | I29: =มีนาคม!C618 -> 1438.65 | K29: เจ.เอส.อุตสาหกรรมพลาสติก | L29: =เมษายน!C619 -> 1463.25 | N29: สุรใจฟู้ดส์อินดัสทรี | O29: =พฤษภาคม!C497 -> 1028.9
B30: ยูนิ-เพรสซิเดนท์ | C30: =มกราคม!C603 -> 1026.5 | E30: ลัคซูรี่ ดีไวซ์ | F30: =กุมภาพันธ์!F643 -> 1076.4 | H30: ชิโคะคุ | I30: =มีนาคม!C379 -> 1043.35 | K30: พลอยพรรณราย อินดัสตรี | L30: =เมษายน!C527 -> 1387.8 | N30: พรีมา เบฟเวอเรจ | O30: =พฤษภาคม!E682 -> 994.7385
B31: เจ.เอส.อุตสาหกรรมพลาสติก | C31: =มกราคม!C708 -> 492.2 | E31: ชิโคะคุ | F31: =กุมภาพันธ์!C276 -> 1043.25 | H31: ยูนิ-เพรสซิเดนท์ | I31: =มีนาคม!C638 -> 1025.65 | K31: สยามอุตสาหกรรมวัสดุทนไฟ | L31: =เมษายน!F499 -> 994.68 | N31: จอมธนา | O31: =พฤษภาคม!C610 -> 940.6
B32: ที.ที.วิน เอ็นจิเนียริ่ง | C32: =มกราคม!C559 -> 460.75 | E32: พิริยะพลาส | F32: =กุมภาพันธ์!C667 -> 1015.9 | H32: ซันสวีท | I32: =มีนาคม!C524 -> 972.7 | K32: ลวดเชื่อมไทยฮันซ่า | L32: =เมษายน!C663 -> 974.35 | N32: ปูนซิเมนต์ไทย(ท่าหลวง)(โรงงานเขาวง) | O32: =พฤษภาคม!F442 -> 825
B33: ไวตาสกายเทคโนโลยีความแม่นยำ (ประเทศไทย) | C33: =มกราคม!C522 -> 390.35 | E33: จอมธนา | F33: =กุมภาพันธ์!C672 -> 994.4 | H33: ซีน่า วอเตอร์ | I33: =มีนาคม!C692 -> 812.6 | K33: เมทเทิล เมท | L33: =เมษายน!C681 -> 969.5 | N33: นอริตาเก้ เอสซีจี พลาสเตอร์ | O33: =พฤษภาคม!E701 -> 663
B34: น้ำมันบริโภค | C34: =มกราคม!C641 -> 386.6 | E34: จี-แฟน โกรอิง | F34: =กุมภาพันธ์!F535 -> 713.0142 | H34: ผลิตภัณฑ์ตราเพชร | I34: =มีนาคม!C643 -> 712.6 | K34: ฐิติรัตน์ | L34: =เมษายน!C601 -> 967.96 | N34: โพลิเมอร์เอเชีย | O34: =พฤษภาคม!E653 -> 621
B35: เอสซีจี เซรามิกส์ | C35: =มกราคม!F503 -> 364.8 | E35: ซันสวีท | F35: =กุมภาพันธ์!C468 -> 702.1 | H35: น้ำดื่ม เอสเอ็ม | I35: =มีนาคม!C724 -> 647.25 | K35: ยูนิ-เพรสซิเดนท์ | L35: =เมษายน!C565 -> 876.75 | N35: น้ำมันบริโภค | O35: =พฤษภาคม!C632 -> 589.45
B36: THAI NISSHIN SEIFUN | C36: =มกราคม!C620 -> 286.15 | E36: THAI NISSHIN SEIFUN | F36: =กุมภาพันธ์!C686 -> 604.7 | H36: โพลิเมอร์เอเชีย | I36: =มีนาคม!E743 -> 621 | K36: ทิปโก้ | L36: =เมษายน!C448 -> 766.45 | N36: สยามกลาสอยุธยา | O36: =พฤษภาคม!F625 -> 502.3
B37: ธาริน แอพไพรซัล | C37: =มกราคม!C664 -> 252.45 | E37: แม็คคอร์มิค | F37: =กุมภาพันธ์!C735 -> 590.8 | H37: ที.ที.วิน เอ็นจิเนียริ่ง | I37: =มีนาคม!C628 -> 506.65 | K37: สยาม แกรนด์-เทค | L37: =เมษายน!E596 -> 600 | N37: โรงงานแม่รวย | O37: =พฤษภาคม!C600 -> 492.65
B38: สยามกลาสอยุธยา | C38: =มกราคม!F634 -> 251.15 | E38: สยามกลาสอยุธยา | F38: =กุมภาพันธ์!F703 -> 502.3 | H38: เจ.เอส.อุตสาหกรรมพลาสติก | I38: =มีนาคม!C676 -> 455 | K38: ทรัพย์สุภา อินเตอร์เทรด | L38: =เมษายน!E588 -> 598 | N38: ลัคซูรี่ ดิไวซ์ | O38: =พฤษภาคม!F675 -> 331.4
B39: เยื่อไผ่ พริ้นติ้ง | C39: =มกราคม!E690 -> 248.4 | E39: โรงงานแม่รวย | F39: =กุมภาพันธ์!C654 -> 495.5 | H39: ทิปโก้ | I39: =มีนาคม!C499 -> 452.8 | K39: ซันสวีท | L39: =เมษายน!C509 -> 434.8 | N39: คิงสเตลล่า กรุ๊ป | O39: =พฤษภาคม!E666 -> 331.2
B40: พิริยะพลาส | C40: =มกราคม!E615 -> 248.4 | E40: เอสซีจี เซรามิกส์ | F40: =กุมภาพันธ์!F482 -> 364.8 | H40: ปิยวัฒน์ซีเมนต์บล็อค | I40: =มีนาคม!E650 -> 315.2 | K40: ลัคซูรี่ ดิไวซ์ | L40: =เมษายน!F709 -> 331.4 | N40: นายณัฐพงษ์ มินา | O40: =พฤษภาคม!C605 -> 324.5
B41: สุพิศ การพัฒน์ | C41: =มกราคม!F658 -> 194.64 | E41: ทรัพย์สุภา อินเตอร์เทรด | F41: =กุมภาพันธ์!E600 -> 358.8 | H41: THAI NISSHIN SEIFUN | I41: =มีนาคม!C681 -> 297.4 | K41: คิงสเตลล่า กรุ๊ป | L41: =เมษายน!E675 -> 331.2 | N41: สยาม แกรนด์-เทค | O41: =พฤษภาคม!E585 -> 320
B42: ดอกบัวคู่ | C42: =มกราคม!C676 -> 190.7 | E42: น้ำดื่ม เอสเอ็ม | F42: =กุมภาพันธ์!C728 -> 355.85 | H42: สยามกลาสอยุธยา | I42: =มีนาคม!F699 -> 251.15 | K42: รัตนะ (ดี) | L42: =เมษายน!C668 -> 313.5 | N42: เยื่อไผ่ พริ้นติ้ง | O42: =พฤษภาคม!E639 -> 248.4
B43: พีทีเค เทรดเดอร์ (โรงสีพูนศักดิ์) | C43: =มกราคม!E683 -> 165.8 | E43: เพ็ญภาคไวเนอรี่ | F43: =กุมภาพันธ์!C249 -> 296.35 | H43: ทีวี ซัพพลาย เอวี เซ็นเตอร์ | I43: =มีนาคม!E671 -> 248.4 | K43: THAI NISSHIN SEIFUN | L43: =เมษายน!C624 -> 299.4 | N43: ซอว์ อินดี้ เอ็นจิเนียริ่ง | O43: =พฤษภาคม!C686 -> 207.9
B44: จี-แฟน โกรอิง | C44: =มกราคม!F549 -> 87 | E44: เถิงธงพานิชย์ | F44: =กุมภาพันธ์!C473 -> 288.4 | H44: ชนากร อินดัสตรี้ | I44: =มีนาคม!C753 -> 206 | K44: เอสซีจี เซรามิกส์ | L44: =เมษายน!C514 -> 284 | N44: ทิปโก้ | O44: =พฤษภาคม!C434 -> 192.9
B45: เมย์ยูเม แมนูแฟคเจอริ่ง (ประเทศไทย) | C45: =มกราคม!C696 -> 85.7 | E45: นายณัฐพงษ์ มินา | F45: =กุมภาพันธ์!C691 -> 288.15 | H45: เอสซีจี เซรามิกส์ | I45: =มีนาคม!F600 -> 204.288 | K45: เคบี ซิสเต้มส์ (ไทยแลนด์) | L45: =เมษายน!E693 -> 260.82 | N45: ไวตาสกายเทคโนโลยีความแม่นยำ | O45: =พฤษภาคม!C511 -> 187.65
B46: ลิเนียร์ แอคทิวเอเตอร์ | C46: =มกราคม!E671 -> 62.1 | E46: ทีวี ซัพพลาย เอวี เซ็นเตอร์ | F46: =กุมภาพันธ์!E661 -> 248.4 | H46: ซอร์ อินดี้ เอ็นจิเนียริ่ง | I46: =มีนาคม!C736 -> 203.75 | K46: ยูเนี่ยนโชจิรุชิ | L46: =เมษายน!F718 -> 215.4 | N46: เดอะเวิลด์ คอมเทค | O46: =พฤษภาคม!E694 -> 49.8
B47: แอโร เซลล์ แอนด์ เนจิเนียริ่ง | C47: =มกราคม!E703 -> 24.84 | E47: สยาม แกรนด์-เทค | F47: =กุมภาพันธ์!E617 -> 200 | H47: เอส.ซี.เอซ.อินดัสตรี้ | I47: =มีนาคม!C748 -> 173.3 | K47: ยูเนี่ยนสเตนเลสสตีล โปรดักส์ | L47: =เมษายน!E732 -> 124.2 | N47: แอโร เซลล์ แอนด์ เนจิเนียริ่ง | O47: =พฤษภาคม!E646 -> 24.84
B48: รวม | C48: =SUM(C3:C47) -> 558941.06 | E48: ซีน่า วอเตอร์ | F48: =กุมภาพันธ์!C696 -> 185.85 | H48: คาเนมัทสุ สเปเชียล สลีล เซอร์วิส | I48: =มีนาคม!E731 -> 170.5 | K48: ไอ วูด อินโนเวชั่น | L48: =เมษายน!E700 -> 124.2 | N48: เมทัลเซิร์ฟ | O48: =พฤษภาคม!E617 -> 12.42
E49: ปิยวัฒน์ซีเมนต์บล็อค | F49: =กุมภาพันธ์!E608 -> 157.6 | H49: ไทยอินเตอร์เนชั่นแนล ด็อคยาร์ด | I49: =มีนาคม!C705 -> 165.1 | K49: ฟูจิ โพลี่ (ประเทศไทย) | L49: =เมษายน!E725 -> 124.2 | N49: รวม | O49: =SUM(O3:O48) -> 645959.6
E50: ยูเนี่ยนสเตนเลสสตีล โปรดักส์ | F50: =กุมภาพันธ์!E511 -> 124.2 | H50: ซีที.คาร์ตอน แอนด์ แพคเกจจิ้ง ซัพพลาย | I50: =มีนาคม!E712 -> 124.2 | K50: ที เอ็น เอ็ม อินเตอร์เนชั่นแนล | L50: =เมษายน!E637 -> 24.6
E51: สุพิศ การพัฒน์ | F51: =กุมภาพันธ์!F722 -> 117.9 | H51: บีบีซี คอนเทนเนอร์ กรุ๊ป | I51: =มีนาคม!E766 -> 24.84 | K51: รวม | L51: =SUM(L3:L50) -> 720476.77
E52: รวม | F52: =SUM(F3:F51) -> 561976.65 | H52: รวม | I52: =SUM(I3:I51) -> 653338.81

Sheet มีนาคม
A1: รายการขายสินค้า BWP เป็นผู้ผลิต
A2: บจก.ที.ซี.ฟาร์มาซูติคอล อุตสาหกรรม
A3: วันที่ | B3: ขนาด | C3: จำนวน(กก.) | D3: ราคา | E3: มูลค่าก่อน VAT | F3: VAT | G3: มูลค่ารวม VAT
A4: 03/03/69 | B4: 49 cm. x 45mc.(สูตร 1) | C4: 495.6 | D4: 52 | E4: =+C4*D4 -> 25771.2 | F4: =+E4*7% -> 1803.984 | G4: =+E4+F4 -> 27575.184 | I4: 6903025
A5: 21/03/69 | B5: 50 cm. x 55mc. | C5: 995.5 | D5: 52 | E5: =+C5*D5 -> 51766 | F5: =+E5*7% -> 3623.62 | G5: =+E5+F5 -> 55389.62 | I5: 6903267
A6: 03/03/69 | B6: 54 cm. x 45 mc. | C6: 4799.09 | D6: 52 | E6: =+C6*D6 -> 249552.68 | F6: =+E6*7% -> 17468.688 | G6: =+E6+F6 -> 267021.37 | I6: 6903026
A7: 05/03/69 | B7: 54 cm. x 45 mc. | C7: 4793.14 | D7: 52 | E7: =+C7*D7 -> 249243.28 | F7: =+E7*7% -> 17447.03 | G7: =+E7+F7 -> 266690.31 | I7: 6903055
A8: 06/03/69 | B8: 54 cm. x 45 mc. | C8: 4788.154 | D8: 52 | E8: =+C8*D8 -> 248984.01 | F8: =+E8*7% -> 17428.881 | G8: =+E8+F8 -> 266412.89 | I8: 6903077
A9: 10/03/69 | B9: 54 cm. x 45 mc. | C9: 4778.45 | D9: 52 | E9: =+C9*D9 -> 248479.4 | F9: =+E9*7% -> 17393.558 | G9: =+E9+F9 -> 265872.96 | I9: 6903113
A10: 11/03/69 | B10: 54 cm. x 45 mc. | C10: 4605.08 | D10: 52 | E10: =+C10*D10 -> 239464.16 | F10: =+E10*7% -> 16762.491 | G10: =+E10+F10 -> 256226.65 | I10: 6903128
A11: 13/03/69 | B11: 54 cm. x 45 mc. | C11: 4780.34 | D11: 52 | E11: =+C11*D11 -> 248577.68 | F11: =+E11*7% -> 17400.438 | G11: =+E11+F11 -> 265978.12 | I11: 6903168
A12: 14/03/69 | B12: 54 cm. x 45 mc. | C12: 4786.56 | D12: 52 | E12: =+C12*D12 -> 248901.12 | F12: =+E12*7% -> 17423.078 | G12: =+E12+F12 -> 266324.2 | I12: 6903185
A13: 16/03/69 | B13: 54 cm. x 45 mc. | C13: 4795.28 | D13: 52 | E13: =+C13*D13 -> 249354.56 | F13: =+E13*7% -> 17454.819 | G13: =+E13+F13 -> 266809.38 | I13: 6903191
A14: 17/03/69 | B14: 54 cm. x 45 mc. | C14: 4794.77 | D14: 52 | E14: =+C14*D14 -> 249328.04 | F14: =+E14*7% -> 17452.963 | G14: =+E14+F14 -> 266781 | I14: 6903204
A15: 18/03/69 | B15: 54 cm. x 45 mc. | C15: 4785.14 | D15: 52 | E15: =+C15*D15 -> 248827.28 | F15: =+E15*7% -> 17417.91 | G15: =+E15+F15 -> 266245.19 | I15: 6903212
... A66: 18/03/69 | B66: 58cm x 45mc RB Classic 250ml.MY 2024 | C66: 999.4 | D66: 104 | E66: =+C66*D66 -> 103937.6 | F66: =+E66*7% -> 7275.632 | G66: =+E66+F66 -> 111213.23 | I66: 6903213
B67: รวม | C67: =SUM(C4:C66) -> 133183.56 | E67: =SUM(E4:E66) -> 7804049 | F67: =SUM(F4:F66) -> 546283.43 | G67: =SUM(G4:G66) -> 8350332.5
A69: บจก.ไทยน้ำทิพย์ (คลอง13)
A70: วันที่ | B70: ขนาด | C70: จำนวน(กก.) | D70: ราคา | E70: มูลค่าก่อน VAT | F70: VAT | G70: มูลค่ารวม VAT
A71: 10/03/69 | B71: 38cm. x 55mc. | C71: 2068.45 | D71: 50.12 | E71: =+C71*D71 -> 103670.71 | F71: =+E71*7% -> 7256.95 | G71: =+E71+F71 -> 110927.66 | I71: 6903112
A72: 06/03/69 | B72: 50 cm. x 70mc. | C72: 2498.35 | D72: 50.12 | E72: =+C72*D72 -> 125217.3 | F72: =+E72*7% -> 8765.2111 | G72: =+E72+F72 -> 133982.51 | I72: 6903087
A73: 09/03/69 | B73: 50 cm. x 75mc. | C73: 2532.35 | D73: 50.12 | E73: =+C73*D73 -> 126921.38 | F73: =+E73*7% -> 8884.4967 | G73: =+E73+F73 -> 135805.88 | I73: 6903098
A74: 24/03/69 | B74: 50 cm. x 75mc. | C74: 2485.1 | D74: 54 | E74: =+C74*D74 -> 134195.4 | F74: =+E74*7% -> 9393.678 | G74: =+E74+F74 -> 143589.08 | I74: 6903300
A75: 02/03/69 | B75: 50 cm. x 80mc. | C75: 4998.35 | D75: 50.12 | E75: =+C75*D75 -> 250517.3 | F75: =+E75*7% -> 17536.211 | G75: =+E75+F75 -> 268053.51 | I75: 6903019
A76: 09/03/69 | B76: 50 cm. x 80mc. | C76: 3026 | D76: 50.12 | E76: =+C76*D76 -> 151663.12 | F76: =+E76*7% -> 10616.418 | G76: =+E76+F76 -> 162279.54 | I76: 6903097
A77: 07/03/69 | B77: 50 cm. x 80mc. | C77: 2517.85 | D77: 50.12 | E77: =+C77*D77 -> 126194.64 | F77: =+E77*7% -> 8833.6249 | G77: =+E77+F77 -> 135028.27 | I77: 6903091
A78: 12/03/69 | B78: 50 cm. x 80mc. | C78: 4828.8 | D78: 50.12 | E78: =+C78*D78 -> 242019.46 | F78: =+E78*7% -> 16941.362 | G78: =+E78+F78 -> 258960.82 | I78: 6903153
A79: 16/03/69 | B79: 50 cm. x 80mc. | C79: 4669.35 | D79: 50.12 | E79: =+C79*D79 -> 234027.82 | F79: =+E79*7% -> 16381.948 | G79: =+E79+F79 -> 250409.77 | I79: 6903199
A80: 25/03/69 | B80: 50 cm. x 80mc. | C80: 4985.8 | D80: 54 | E80: =+C80*D80 -> 269233.2 | F80: =+E80*7% -> 18846.324 | G80: =+E80+F80 -> 288079.52 | I80: 6903322
A81: 26/03/69 | B81: 50 cm. x 80mc. | C81: 5086.5 | D81: 54 | E81: =+C81*D81 -> 274671 | F81: =+E81*7% -> 19226.97 | G81: =+E81+F81 -> 293897.97 | I81: 6903325
A82: 04/03/69 | B82: 50cm. x 75mc. (สีแดง) | C82: 1020.45 | D82: 60.12 | E82: =+C82*D82 -> 61349.454 | F82: =+E82*7% -> 4294.4618 | G82: =+E82+F82 -> 65643.916 | I82: 6903051
... A90: 24/03/69 | B90: 76 cm. X 55 mc. | C90: 2543.45 | D90: 54 | E90: =+C90*D90 -> 137346.3 | F90: =+E90*7% -> 9614.241 | G90: =+E90+F90 -> 146960.54 | I90: 6903301
B91: รวม | C91: =SUM(C71:C90) -> 76200.1 | E91: =SUM(E71:E90) -> 4289880.2 | F91: =SUM(F71:F90) -> 300291.62 | G91: =SUM(G71:G90) -> 4590171.8
A93: บจก.ไทยน้ำทิพย์ (โคราช)
A94: วันที่ | B94: ขนาด | C94: จำนวน(กก.) | D94: ราคา | E94: มูลค่าก่อน VAT | F94: VAT | G94: มูลค่ารวม VAT
A95: 10/03/69 | B95: 50cm. x 75mc. | C95: 3038.75 | D95: 50.12 | E95: =+C95*D95 -> 152302.15 | F95: =+E95*7% -> 10661.15 | G95: =+E95+F95 -> 162963.3 | I95: 6903109
A96: 18/03/69 | B96: 50cm. x 75mc. | C96: 3108.6 | D96: 54 | E96: =+C96*D96 -> 167864.4 | F96: =+E96*7% -> 11750.508 | G96: =+E96+F96 -> 179614.91 | I96: 6903211
A97: 27/03/69 | B97: 50cm. x 75mc. | C97: 3084.45 | D97: 54 | E97: =+C97*D97 -> 166560.3 | F97: =+E97*7% -> 11659.221 | G97: =+E97+F97 -> 178219.52 | I97: 6903339
A98: 30/03/69 | B98: 50cm. x 80mc. | C98: 3046 | D98: 54 | E98: =+C98*D98 -> 164484 | F98: =+E98*7% -> 11513.88 | G98: =+E98+F98 -> 175997.88 | I98: 6903363
A99: 25/03/69 | B99: 52cm. x 80mc. | C99: 2703.95 | D99: 54 | E99: =+C99*D99 -> 146013.3 | F99: =+E99*7% -> 10220.931 | G99: =+E99+F99 -> 156234.23 | I99: 6903304
A100: 06/03/69 | B100: 54cm. x 75mc. | C100: 5196.33 | D100: 50.12 | E100: =+C100*D100 -> 260440.06 | F100: =+E100*7% -> 18230.804 | G100: =+E100+F100 -> 278670.86 | I100: 6903076
A101: 20/03/69 | B101: 63cm. x 80mc. | C101: 2629.65 | D101: 54 | E101: =+C101*D101 -> 142001.1 | F101: =+E101*7% -> 9940.077 | G101: =+E101+F101 -> 151941.18 | I101: 6903255
A102: 02/03/69 | B102: 76 cm. X 55 mc. | C102: 5391.05 | D102: 50.12 | E102: =+C102*D102 -> 270199.43 | F102: =+E102*7% -> 18913.96 | G102: =+E102+F102 -> 289113.39 | I102: 6903004
A103: 05/03/69 | B103: 76 cm. X 55 mc. | C103: 2894.3 | D103: 50.12 | E103: =+C103*D103 -> 145062.32 | F103: =+E103*7% -> 10154.362 | G103: =+E103+F103 -> 155216.68 | I103: 6903054
A104: 10/03/69 | B104: 76 cm. X 55 mc. | C104: 1475.75 | D104: 50.12 | E104: =+C104*D104 -> 73964.59 | F104: =+E104*7% -> 5177.5213 | G104: =+E104+F104 -> 79142.111 | I104: 6903110
A105: 12/03/69 | B105: 76 cm. X 55 mc. | C105: 2336.1 | D105: 50.12 | E105: =+C105*D105 -> 117085.33 | F105: =+E105*7% -> 8195.9732 | G105: =+E105+F105 -> 125281.31 | I105: 6903152
A106: 14/03/69 | B106: 76 cm. X 55 mc. | C106: 2061.05 | D106: 50.12 | E106: =+C106*D106 -> 103299.83 | F106: =+E106*7% -> 7230.9878 | G106: =+E106+F106 -> 110530.81 | I106: 6903188
... A110: 30/03/69 | B110: 76 cm. X 55 mc. | C110: 6088 | D110: 54 | E110: =+C110*D110 -> 328752 | F110: =+E110*7% -> 23012.64 | G110: =+E110+F110 -> 351764.64 | I110: 6903361
B111: รวม | C111: =SUM(C95:C110) -> 55522.68 | E111: =SUM(E95:E110) -> 2911338.6 | F111: =SUM(F95:F110) -> 203793.7 | G111: =SUM(G95:G110) -> 3115132.3
A113: บจก.ไทยน้ำทิพย์ (ปทุมธานี)
A114: วันที่ | B114: ขนาด | C114: จำนวน(กก.) | D114: ราคา | E114: มูลค่าก่อน VAT | F114: VAT | G114: มูลค่ารวม VAT
A115: 10/03/69 | B115: 44 cm. x 45mc. | C115: 3245.1 | D115: 50.12 | E115: =+C115*D115 -> 162644.41 | F115: =+E115*7% -> 11385.109 | G115: =+E115+F115 -> 174029.52 | I115: 6903127
A116: 02/03/69 | B116: 50 cm. x 75mc. | C116: 1646.95 | D116: 50.12 | E116: =+C116*D116 -> 82545.134 | F116: =+E116*7% -> 5778.1594 | G116: =+E116+F116 -> 88323.293 | I116: 6903021
A117: 04/03/69 | B117: 50 cm. x 75mc. | C117: 4855.1 | D117: 50.12 | E117: =+C117*D117 -> 243337.61 | F117: =+E117*7% -> 17033.633 | G117: =+E117+F117 -> 260371.24 | I117: 6903050
A118: 06/03/69 | B118: 50 cm. x 75mc. | C118: 820.35 | D118: 50.12 | E118: =+C118*D118 -> 41115.942 | F118: =+E118*7% -> 2878.1159 | G118: =+E118+F118 -> 43994.058 | I118: 6903088
A119: 13/03/69 | B119: 50 cm. x 75mc. | C119: 5088.55 | D119: 50.12 | E119: =+C119*D119 -> 255038.13 | F119: =+E119*7% -> 17852.669 | G119: =+E119+F119 -> 272890.79 | I119: 6903165
A120: 18/03/69 | B120: 50 cm. x 75mc. | C120: 4121.2 | D120: 54 | E120: =+C120*D120 -> 222544.8 | F120: =+E120*7% -> 15578.136 | G120: =+E120+F120 -> 238122.94 | I120: 6903232
A121: 02/03/69 | B121: 53 cm. x 70mc. | C121: 2418.3 | D121: 50.12 | E121: =+C121*D121 -> 121205.2 | F121: =+E121*7% -> 8484.3637 | G121: =+E121+F121 -> 129689.56 | I121: 6903020
A122: 04/03/69 | B122: 53 cm. x 70mc. | C122: 2206.7 | D122: 50.12 | E122: =+C122*D122 -> 110599.8 | F122: =+E122*7% -> 7741.9863 | G122: =+E122+F122 -> 118341.79 | I122: 6903049
A123: 03/03/69 | B123: 53 cm. x 70mc. | C123: 2161.9 | D123: 50.12 | E123: =+C123*D123 -> 108354.43 | F123: =+E123*7% -> 7584.81 | G123: =+E123+F123 -> 115939.24 | I123: 6903027
A124: 05/03/69 | B124: 53 cm. x 70mc. | C124: 1307.25 | D124: 50.12 | E124: =+C124*D124 -> 65519.37 | F124: =+E124*7% -> 4586.3559 | G124: =+E124+F124 -> 70105.726 | I124: 6903072
A125: 14/03/69 | B125: 53 cm. x 70mc. | C125: 2444.65 | D125: 50.12 | E125: =+C125*D125 -> 122525.86 | F125: =+E125*7% -> 8576.8101 | G125: =+E125+F125 -> 131102.67 | I125: 6903184
A126: 16/03/69 | B126: 53 cm. x 70mc. | C126: 5055.75 | D126: 50.12 | E126: =+C126*D126 -> 253394.19 | F126: =+E126*7% -> 17737.593 | G126: =+E126+F126 -> 271131.78 | I126: 6903198
A127: 18/03/69 | B127: 53 cm. x 70mc. | C127: 2123.85 | D127: 54 | E127: =+C127*D127 -> 114687.9 | F127: =+E127*7% -> 8028.153 | G127: =+E127+F127 -> 122716.05 | I127: 6903233
B128: รวม | C128: =SUM(C115:C127) -> 37495.65 | E128: =SUM(E115:E127) -> 1903512.8 | F128: =SUM(F115:F127) -> 133245.89 | G128: =SUM(G115:G127) -> 2036758.7
A130: บมจ.หาดทิพย์
A131: วันที่ | B131: ขนาด | C131: จำนวน(กก.) | D131: ราคา | E131: มูลค่าก่อน VAT | F131: VAT | G131: มูลค่ารวม VAT
A132: 01/03/69 | B132: 38 cm. X 55 mc.สูตร 1 | C132: 2949 | D132: 53.3 | E132: =+C132*D132 -> 157181.7 | F132: =+E132*7% -> 11002.719 | G132: =+E132+F132 -> 168184.42 | I132: 6903001
A133: 02/03/69 | B133: 38 cm. X 55 mc.สูตร 1 | C133: 1519.65 | D133: 53.3 | E133: =+C133*D133 -> 80997.345 | F133: =+E133*7% -> 5669.8142 | G133: =+E133+F133 -> 86667.159 | I133: 6903022
A134: 11/03/69 | B134: 38 cm. X 55 mc.สูตร 1 | C134: 2900.85 | D134: 53.3 | E134: =+C134*D134 -> 154615.3 | F134: =+E134*7% -> 10823.071 | G134: =+E134+F134 -> 165438.38 | I134: 6903151
A135: 12/03/69 | B135: 38 cm. X 55 mc.สูตร 1 | C135: 1779.7 | D135: 53.3 | E135: =+C135*D135 -> 94858.01 | F135: =+E135*7% -> 6640.0607 | G135: =+E135+F135 -> 101498.07 | I135: 6903164
A136: 13/03/69 | B136: 38 cm. X 55 mc.สูตร 1 | C136: 689.85 | D136: 53.3 | E136: =+C136*D136 -> 36769.005 | F136: =+E136*7% -> 2573.8304 | G136: =+E136+F136 -> 39342.835 | I136: 6903182
A137: 15/03/69 | B137: 38 cm. X 55 mc.สูตร 1 | C137: 543 | D137: 53.3 | E137: =+C137*D137 -> 28941.9 | F137: =+E137*7% -> 2025.933 | G137: =+E137+F137 -> 30967.833 | I137: 6903189
A138: 26/03/69 | B138: 38 cm. X 55 mc.สูตร 1 | C138: 3082.1 | D138: 53.3 | E138: =+C138*D138 -> 164275.93 | F138: =+E138*7% -> 11499.315 | G138: =+E138+F138 -> 175775.25 | I138: 6903335
A139: 30/03/69 | B139: 38 cm. X 55 mc.สูตร 1 | C139: 1439.8 | D139: 69 | E139: =+C139*D139 -> 99346.2 | F139: =+E139*7% -> 6954.234 | G139: =+E139+F139 -> 106300.43 | I139: 6903378
A140: 31/03/69 | B140: 38 cm. X 55 mc.สูตร 1 | C140: 654.85 | D140: 69 | E140: =+C140*D140 -> 45184.65 | F140: =+E140*7% -> 3162.9255 | G140: =+E140+F140 -> 48347.575 | I140: 6903383
A141: 01/03/69 | B141: 50 cm. X 65 mc. | C141: 358.3 | D141: 53.3 | E141: =+C141*D141 -> 19097.39 | F141: =+E141*7% -> 1336.8173 | G141: =+E141+F141 -> 20434.207 | I141: 6903002
A142: 01/03/69 | B142: 50 cm. X 65 mc. | C142: 2486.15 | D142: 53.3 | E142: =+C142*D142 -> 132511.79 | F142: =+E142*7% -> 9275.8256 | G142: =+E142+F142 -> 141787.62 | I142: 6903001
A143: 03/03/69 | B143: 50 cm. X 65 mc. | C143: 2357.9 | D143: 53.3 | E143: =+C143*D143 -> 125676.07 | F143: =+E143*7% -> 8797.3249 | G143: =+E143+F143 -> 134473.39 | I143: 6903028
... A200: 31/03/69 | B200: 70 cm. X 65 mc. | C200: 458.45 | D200: 69 | E200: =+C200*D200 -> 31633.05 | F200: =+E200*7% -> 2214.3135 | G200: =+E200+F200 -> 33847.363 | I200: 6903383
B201: รวม | C201: =SUM(C132:C200) -> 131868.14 | E201: =SUM(E132:E200) -> 7317039.7 | F201: =SUM(F132:F200) -> 512192.78 | G201: =SUM(G132:G200) -> 7829232.5
A203: บมจ.กรีนสปอต
A204: วันที่ | B204: ขนาด | C204: จำนวน(กก.) | D204: ราคา | E204: มูลค่าก่อน VAT | F204: VAT | G204: มูลค่ารวม VAT
A205: 19/03/69 | B205: PE180บน UHT 200mm x 40mic Mix P3 (PCR30%) | C205: 398.6 | D205: 56 | E205: =+C205*D205 -> 22321.6 | F205: =+E205*7% -> 1562.512 | G205: =+E205+F205 -> 23884.112 | I205: 6903239
A206: 26/03/69 | B206: PE250บน UHT 215mm x 40mic Mix P3,6,12 (PCR30%) | C206: 561.52 | D206: 56 | E206: =+C206*D206 -> 31445.12 | F206: =+E206*7% -> 2201.1584 | G206: =+E206+F206 -> 33646.278 | I206: 6903333
A207: 11/03/69 | B207: PE200บน UHT 240mm x 40mic Mix P4 (PCR30%) | C207: 997.02 | D207: 56 | E207: =+C207*D207 -> 55833.12 | F207: =+E207*7% -> 3908.3184 | G207: =+E207+F207 -> 59741.438 | I207: 6903137
A208: 24/03/69 | B208: PE200บน UHT 240mm x 40mic Mix P4 (PCR30%) | C208: 995.71 | D208: 56 | E208: =+C208*D208 -> 55759.76 | F208: =+E208*7% -> 3903.1832 | G208: =+E208+F208 -> 59662.943 | I208: 6903296
A209: 02/03/69 | B209: PEบน TG 380mm x 45mic Mix P12(PCR30%) | C209: 488.15 | D209: 56 | E209: =+C209*D209 -> 27336.4 | F209: =+E209*7% -> 1913.548 | G209: =+E209+F209 -> 29249.948 | I209: 6903011
A210: 11/03/69 | B210: PEบน TG 380mm x 45mic Mix P12(PCR30%) | C210: 503.05 | D210: 56 | E210: =+C210*D210 -> 28170.8 | F210: =+E210*7% -> 1971.956 | G210: =+E210+F210 -> 30142.756 | I210: 6903139
A211: 18/03/69 | B211: PEบน TG 540mm x 45mic Mix P6 | C211: 193.37 | D211: 57 | E211: =+C211*D211 -> 11022.09 | F211: =+E211*7% -> 771.5463 | G211: =+E211+F211 -> 11793.636 | I211: 6903224
A212: 02/03/69 | B212: PE180 UHT Almond 200mm x 40mic SAL1T P3 | C212: 171.15 | D212: 71.5 | E212: =+C212*D212 -> 12237.225 | F212: =+E212*7% -> 856.60575 | G212: =+E212+F212 -> 13093.831 | H212: BWP | I212: 6903007
A213: 20/03/69 | B213: PE180 UHT Paitac 200mm x 40mic SPI1T P3 | C213: 92.2 | D213: 78.5 | E213: =+C213*D213 -> 7237.7 | F213: =+E213*7% -> 506.639 | G213: =+E213+F213 -> 7744.339 | H213: BWP | I213: 6903261
A214: 20/03/69 | B214: PE250 - UHTLow S 215mm x 40mic VLS2T P6 | C214: 203.1 | D214: 71.5 | E214: =+C214*D214 -> 14521.65 | F214: =+E214*7% -> 1016.5155 | G214: =+E214+F214 -> 15538.165 | H214: WT | I214: 6903262
A215: 20/03/69 | B215: PE250 - UHT Regula 215mm x 40mic VRG2X P6 | C215: 195.2 | D215: 81 | E215: =+C215*D215 -> 15811.2 | F215: =+E215*7% -> 1106.784 | G215: =+E215+F215 -> 16917.984 | H215: WT | I215: 6903262
A216: 18/03/69 | B216: PE200- UHT MtiG 240mm x 40mic SMG P4 | C216: 270.5 | D216: 81 | E216: =+C216*D216 -> 21910.5 | F216: =+E216*7% -> 1533.735 | G216: =+E216+F216 -> 23444.235 | H216: WT | I216: 6903221
A217: 20/03/69 | B217: PE180- UHT No S 240mm x 40mic CLU1T P4 | C217: 182.35 | D217: 71.5 | E217: =+C217*D217 -> 13038.025 | F217: =+E217*7% -> 912.66175 | G217: =+E217+F217 -> 13950.687 | H217: WT | I217: 6903261
A218: 06/03/69 | B218: PE180- UHT VitaP+M 240mm x 40mic VPM1T P4 | C218: 96.55 | D218: 89 | E218: =+C218*D218 -> 8592.95 | F218: =+E218*7% -> 601.5065 | G218: =+E218+F218 -> 9194.4565 | H218: BWP | I218: 6903084
A219: 04/03/69 | B219: PE200- UHT Ori 240mm x 40mic VOG1T P4 | C219: 283.55 | D219: 71.5 | E219: =+C219*D219 -> 20273.825 | F219: =+E219*7% -> 1419.1678 | G219: =+E219+F219 -> 21692.993 | H219: WT | I219: 6903044
A220: 26/03/69 | B220: PE200- UHT Ori 240mm x 40mic VOG1T P4 | C220: 504.15 | D220: 71.5 | E220: =+C220*D220 -> 36046.725 | F220: =+E220*7% -> 2523.2708 | G220: =+E220+F220 -> 38569.996 | H220: BWP | I220: 6903332
A221: 18/03/69 | B221: PE200-UHT DBlack 240mm x 40mic VDB1E P4 | C221: 93.35 | D221: 89 | E221: =+C221*D221 -> 8308.15 | F221: =+E221*7% -> 581.5705 | G221: =+E221+F221 -> 8889.7205 | H221: WT | I221: 6903221
...

Sheet ยอดขายรวม มีค.
A1: รายการขายสินค้าประจำเดือน มีนาคม 2569 | L1: งานพิมพ์ประจำเดือน มีนาคม 2569 | V1: Supplier งานพิมพ์ประจำเดือน มีนาคม 2569 | AB1: ถุงคลุม/ชีท ประจำเดือน มีนาคม 2569
A2: ลำดับที่ | B2: ลูกค้า | C2: ม้วนใส (กก.) | D2: ม้วนพิมพ์ (กก.) | E2: ถุงคลุม/ชีท (กก.) | F2: ฟิล์มยืด(กก.) | G2: ถุงหลอด(กก.) | H2: รวม (กก.) | I2: หมายเหตุ | L2: ลำดับที่ | M2: ลูกค้า | N2: 1สี (กก.) | O2: 2สี (กก.) | P2: 3สี (กก.) | Q2: 4สี (กก.) | R2: 6สี (กก.) | S2: 8สี (กก.) | T2: รวม (กก.) | V2: ลำดับที่ | W2: ลูกค้า | X2: BWP | Y2: ว่องไท | Z2: รวม (กก.) | AB2: ลำดับที่ | AC2: ลูกค้า | AD2: ผลิตเอง (กก.) | AE2: จำนวน( ใบ.) | AF2: จ้างภายนอก (กก.) | AG2: รวม (กก.)
A3: 1 | B3: ไทยน้ำทิพย์ | C3: 169218.43 | D3: 0 | E3: 0 | F3: 0 | G3: 0 | H3: =+C3+D3+E3+F3+G3 -> 169218.43 | J3: =+H3*100/H52 -> 25.900563 | L3: 1 | M3: ที.ซีฟาร์มาฯ | N3: 0 | O3: 38312.66 | P3: 0 | Q3: 0 | R3: 4475.2 | S3: 0 | T3: =N3+O3+P3+Q3+R3+S3 -> 42787.86 | U3: =+T3*100/T12 -> 36.188601 | V3: 1 | W3: ที.ซีฟาร์มาฯ | X3: 42787.86 | Y3: 0 | Z3: =+X3+Y3 -> 42787.86 | AB3: 1 | AC3: สยามอุตสาหกรรมวัสดุทนไฟ | AD3: 4909.7008 | AE3: 23800 | AF3: 0 | AG3: =+AD3+AF3 -> 4909.7008
A4: 2 | B4: ที.ซีฟาร์มาฯ | C4: 90395.7 | D4: 42787.86 | E4: 0 | F4: 0 | G4: 0 | H4: =+C4+D4+E4+F4+G4 -> 133183.56 | I4: BWP | J4: =+H4*100/H52 -> 20.385068 | L4: 2 | M4: กรีนสปอต | N4: 1436.5 | O4: 40115.65 | P4: 0 | Q4: 0 | R4: 0 | S4: 0 | T4: =N4+O4+P4+Q4+R4+S4 -> 41552.15 | U4: =+T4*100/T12 -> 35.143477 | V4: 2 | W4: กรีนสปอต | X4: 35209.47 | Y4: 6342.68 | Z4: =+X4+Y4 -> 41552.15 | AB4: 2 | AC4: ปูนซิเมนต์ไทย(ท่าหลวง)(โรงงานเขาวง) | AD4: 2829 | AE4: 15000 | AF4: 0 | AG4: =+AD4+AF4 -> 2829
A5: 3 | B5: หาดทิพย์ | C5: 131868.14 | D5: 0 | E5: 0 | F5: 0 | G5: 0 | H5: =+C5+D5+E5+F5+G5 -> 131868.14 | J5: =+H5*100/H52 -> 20.18373 | L5: 3 | M5: ฟรีสแลนด์คัมพิน่า | N5: 0 | O5: 14388.91 | P5: 0 | Q5: 0 | R5: 0 | S5: 0 | T5: =N5+O5+P5+Q5+R5+S5 -> 14388.91 | U5: =+T5*100/T12 -> 12.169679 | V5: 3 | W5: ฟรีสแลนด์คัมพิน่า | X5: 14388.91 | Y5: 0 | Z5: =+X5+Y5 -> 14388.91 | AB5: 3 | AC5: เอ็น พลัส ชัพพลาย | AD5: 2216 | AE5: 2000 | AF5: 0 | AG5: =+AD5+AF5 -> 2216
A6: 4 | B6: โอสถสภา | C6: 55416.7 | D6: 0 | E6: 0 | F6: 0 | G6: 0 | H6: =+C6+D6+E6+F6+G6 -> 55416.7 | J6: =+H6*100/H52 -> 8.4820769 | L6: 4 | M6: โตโยไซกัน | N6: 0 | O6: 9588.75 | P6: 296.5 | Q6: 0 | R6: 0 | S6: 0 | T6: =N6+O6+P6+Q6+R6+S6 -> 9885.25 | U6: =+T6*100/T12 -> 8.3606277 | V6: 4 | W6: โตโยไซกัน | X6: 9885.25 | Y6: 0 | Z6: =+X6+Y6 -> 9885.25 | AB6: 4 | AC6: สยามกลาสอยุธยา | AD6: 251.15 | AE6: 500 | AF6: 0 | AG6: =+AD6+AF6 -> 251.15
A7: 5 | B7: กรีนสปอต | C7: 4137.42 | D7: 41552.15 | E7: 0 | F7: 1989 | G7: 0 | H7: =+C7+D7+E7+F7+G7 -> 47678.57 | I7: BWP/WT | J7: =+H7*100/H52 -> 7.2976791 | L7: 5 | M7: สหกรณ์โคนมหนองโพ | N7: 0 | O7: 1074.3 | P7: 0 | Q7: 0 | R7: 0 | S7: 0 | T7: =N7+O7+P7+Q7+R7+S7 -> 1074.3 | U7: =+T7*100/T12 -> 0.90860851 | V7: 5 | W7: สหกรณ์โคนมหนองโพ | X7: 1074.3 | Y7: 0 | Z7: =+X7+Y7 -> 1074.3 | AB7: 5 | AC7: เอสซีจี เซรามิกส์ | AD7: 204.288 | AE7: 560 | AF7: 0 | AG7: =+AD7+AF7 -> 204.288
A8: 6 | B8: ฟรีสแลนด์คัมพิน่า | C8: 0 | D8: 14388.91 | E8: 0 | F8: 0 | G8: 0 | H8: =+C8+D8+E8+F8+G8 -> 14388.91 | I8: BWP | J8: =+H8*100/H52 -> 2.2023657 | L8: 6 | M8: แอดวานซ์ โนเลดจ์ เซอร์วิสเซส | N8: 0 | O8: 4962.37 | P8: 0 | Q8: 0 | R8: 0 | S8: 0 | T8: =N8+O8+P8+Q8+R8+S8 -> 4962.37 | U8: =+T8*100/T12 -> 4.1970135 | V8: 6 | W8: แอดวานซ์ โนเลดจ์ เซอร์วิสเซส | X8: 4962.37 | Y8: 0 | Z8: =+X8+Y8 -> 4962.37 | AB8: 6 | AC8: คาเนมัทสุ สเปเชียล สลีล เซอร์วิส | AD8: 170.5 | AE8: 500 | AF8: 0 | AG8: =+AD8+AF8 -> 170.5
A9: 7 | B9: โตโยไซกัน | C9: 3422 | D9: 9885.25 | E9: 0 | F9: 0 | G9: 0 | H9: =+C9+D9+E9+F9+G9 -> 13307.25 | I9: BWP | J9: =+H9*100/H52 -> 2.0368069 | L9: 7 | M9: สยามไฟเบอร์ซีเมนต์กรุ๊ป | N9: 0 | O9: 2104.25 | P9: 0 | Q9: 0 | R9: 0 | S9: 0 | T9: =N9+O9+P9+Q9+R9+S9 -> 2104.25 | U9: =+T9*100/T12 -> 1.7797072 | V9: 7 | W9: สยามไฟเบอร์ซีเมนต์กรุ๊ป | X9: 2104.25 | Y9: 0 | Z9: =+X9+Y9 -> 2104.25 | AC9: ผลรวม | AD9: =SUM(AD3:AD8) -> 10580.639 | AE9: =SUM(AE3:AE8) -> 42360 | AF9: =SUM(AF3:AF8) -> 0 | AG9: =SUM(AG3:AG8) -> 10580.639
A10: 8 | B10: เสริมสุข | C10: 8923.4 | D10: 0 | E10: 0 | F10: 0 | G10: 0 | H10: =+C10+D10+E10+F10+G10 -> 8923.4 | J10: =+H10*100/H52 -> 1.3658151 | L10: 8 | M10: ยูนิ-เพรสซิเดนท์ | N10: 0 | O10: 1025.65 | P10: 0 | Q10: 0 | R10: 0 | S10: 0 | T10: =N10+O10+P10+Q10+R10+S10 -> 1025.65 | U10: =+T10*100/T12 -> 0.8674619 | V10: 8 | W10: ยูนิ-เพรสซิเดนท์ | X10: 1025.65 | Y10: 0 | Z10: =+X10+Y10 -> 1025.65
A11: 9 | B11: เซเว่นสตาร์ | C11: 6181.45 | D11: 0 | E11: 0 | F11: 0 | G11: 0 | H11: =+C11+D11+E11+F11+G11 -> 6181.45 | J11: =+H11*100/H52 -> 0.94613238 | L11: 10 | M11: เจ.เอส.อุตสาหกรรมพลาสติก | N11: 0 | O11: 455 | P11: 0 | Q11: 0 | R11: 0 | S11: 0 | T11: =N11+O11+P11+Q11+R11+S11 -> 455 | U11: =+T11*100/T12 -> 0.38482442 | V11: 10 | W11: เจ.เอส.อุตสาหกรรมพลาสติก | X11: 455 | Y11: 0 | Z11: =+X11+Y11 -> 455
A12: 10 | B12: สหกรณ์โคนมหนองโพ | C12: 4925.1 | D12: 1074.3 | E12: 0 | F12: 0 | G12: 0 | H12: =+C12+D12+E12+F12+G12 -> 5999.4 | I12: BWP | J12: =+H12*100/H52 -> 0.91826781 | M12: ผลรวม | N12: =SUM(N3:N11) -> 1436.5 | O12: =SUM(O3:O11) -> 112027.54 | P12: =SUM(P3:P11) -> 296.5 | Q12: =SUM(Q3:Q11) -> 0 | R12: =SUM(R3:R11) -> 4475.2 | S12: =SUM(S3:S11) -> 0 | T12: =SUM(T3:T11) -> 118235.74 | W12: ผลรวม | X12: =SUM(X3:X11) -> 111893.06 | Y12: =SUM(Y3:Y11) -> 6342.68 | Z12: =SUM(Z3:Z11) -> 118235.74
A13: 11 | B13: เอ็มเอ็มพี คอร์ปอเรชั่น | C13: 5907.55 | D13: 0 | E13: 0 | F13: 0 | G13: 0 | H13: =+C13+D13+E13+F13+G13 -> 5907.55
A14: 12 | B14: กรีนสวิลล์ | C14: 5684.15 | D14: 0 | E14: 0 | F14: 0 | G14: 0 | H14: =+C14+D14+E14+F14+G14 -> 5684.15 | N14: =+N12*100/T12 -> 1.2149457 | O14: =+O12*100/T12 -> 94.749303 | P14: =+P12*100/T12 -> 0.2507702 | Q14: =+Q12*100/T12 -> 0 | R14: =+R12*100/T12 -> 3.7849808 | S14: =+S12*100/T12 -> 0 | X14: =+X12*100/Z12 -> 94.635565 | Y14: =+Y12*100/Z12 -> 5.3644355
A15: 13 | B15: แอดวานซ์ โนเลดจ์ เซอร์วิสเซส | C15: 0 | D15: 4962.37 | E15: 0 | F15: 0 | G15: 0 | H15: =+C15+D15+E15+F15+G15 -> 4962.37 | I15: BWP
A16: 14 | B16: สยามอุตสาหกรรมวัสดุทนไฟ | C16: 0 | D16: 0 | E16: 4909.7008 | F16: 0 | G16: 0 | H16: =+C16+D16+E16+F16+G16 -> 4909.7008
A17: 15 | B17: ทิพย์นที (2005) | C17: 4701.8 | D17: 0 | E17: 0 | F17: 0 | G17: 0 | H17: =+C17+D17+E17+F17+G17 -> 4701.8
A18: 16 | B18: เพชรพาณิชย์ เบฟเวอเรจ | C18: 4118.5 | D18: 0 | E18: 0 | F18: 0 | G18: 0 | H18: =+C18+D18+E18+F18+G18 -> 4118.5
A19: 17 | B19: ฐิติรัตน์ | C19: 3987.95 | D19: 0 | E19: 0 | F19: 0 | G19: 0 | H19: =+C19+D19+E19+F19+G19 -> 3987.95
A20: 18 | B20: เถิงธงพานิชย์ | C20: 3488.05 | D20: 0 | E20: 0 | F20: 0 | G20: 0 | H20: =+C20+D20+E20+F20+G20 -> 3488.05
A21: 19 | B21: ฐิติภัณฑ์ อินเตอร์พลัส | C21: 3034.65 | D21: 0 | E21: 0 | F21: 124.2 | G21: 0 | H21: =+C21+D21+E21+F21+G21 -> 3158.85
A22: 20 | B22: ปูนซิเมนต์ไทย(ท่าหลวง)(โรงงานเขาวง) | C22: 0 | D22: 0 | E22: 2829 | F22: 0 | G22: 0 | H22: =+C22+D22+E22+F22+G22 -> 2829
A23: 21 | B23: เอ็น พลัส ชัพพลาย | C23: 0 | D23: 0 | E23: 2216 | F23: 0 | G23: 0 | H23: =+C23+D23+E23+F23+G23 -> 2216
A24: 22 | B24: ขายยาเพ็ญภาค | C24: 2161.6 | D24: 0 | E24: 0 | F24: 0 | G24: 0 | H24: =+C24+D24+E24+F24+G24 -> 2161.6
A25: 23 | B25: สยามไฟเบอร์ซีเมนต์กรุ๊ป | C25: 0 | D25: 2104.25 | E25: 0 | F25: 0 | G25: 0 | H25: =+C25+D25+E25+F25+G25 -> 2104.25 | I25: BWP
A26: 24 | B26: จอมธนา | C26: 1983.75 | D26: 0 | E26: 0 | F26: 0 | G26: 0 | H26: =+C26+D26+E26+F26+G26 -> 1983.75
A27: 25 | B27: สุรใจฟู้ดส์อินดัสทรี | C27: 1971.35 | D27: 0 | E27: 0 | F27: 0 | G27: 0 | H27: =+C27+D27+E27+F27+G27 -> 1971.35
A28: 26 | B28: อินคาวอเตอร์ | C28: 1915.75 | D28: 0 | E28: 0 | F28: 0 | G28: 0 | H28: =+C28+D28+E28+F28+G28 -> 1915.75
A29: 27 | B29: พลอยพรรณราย อินดัสตรี | C29: 1438.65 | D29: 0 | E29: 0 | F29: 0 | G29: 0 | H29: =+C29+D29+E29+F29+G29 -> 1438.65
A30: 28 | B30: ชิโคะคุ | C30: 1043.35 | D30: 0 | E30: 0 | F30: 0 | G30: 0 | H30: =+C30+D30+E30+F30+G30 -> 1043.35
A31: 29 | B31: ยูนิ-เพรสซิเดนท์ | C31: 0 | D31: 1025.65 | E31: 0 | F31: 0 | G31: 0 | H31: =+C31+D31+E31+F31+G31 -> 1025.65 | I31: BWP
A32: 30 | B32: ซันสวีท | C32: 972.7 | D32: 0 | E32: 0 | F32: 0 | G32: 0 | H32: =+C32+D32+E32+F32+G32 -> 972.7
A33: 31 | B33: ซีน่า วอเตอร์ | C33: 812.6 | D33: 0 | E33: 0 | F33: 0 | G33: 0 | H33: =+C33+D33+E33+F33+G33 -> 812.6
A34: 32 | B34: ผลิตภัณฑ์ตราเพชร | C34: 712.6 | D34: 0 | E34: 0 | F34: 0 | G34: 0 | H34: =+C34+D34+E34+F34+G34 -> 712.6
A35: 33 | B35: น้ำดื่ม เอสเอ็ม | C35: 647.25 | D35: 0 | E35: 0 | F35: 0 | G35: 0 | H35: =+C35+D35+E35+F35+G35 -> 647.25
A36: 34 | B36: โพลิเมอร์เอเชีย | C36: 0 | D36: 0 | E36: 0 | F36: 621 | G36: 0 | H36: =+C36+D36+E36+F36+G36 -> 621
A37: 35 | B37: ที.ที.วิน เอ็นจิเนียริ่ง | C37: 506.65 | D37: 0 | E37: 0 | F37: 0 | G37: 0 | H37: =+C37+D37+E37+F37+G37 -> 506.65
A38: 36 | B38: เจ.เอส.อุตสาหกรรมพลาสติก | C38: 0 | D38: 455 | E38: 0 | F38: 0 | G38: 0 | H38: =+C38+D38+E38+F38+G38 -> 455 | I38: BWP
A39: 37 | B39: ทิปโก้ | C39: 452.8 | D39: 0 | E39: 0 | F39: 0 | G39: 0 | H39: =+C39+D39+E39+F39+G39 -> 452.8
A40: 38 | B40: ปิยวัฒน์ซีเมนต์บล็อค | C40: 0 | D40: 0 | E40: 0 | F40: 315.2 | G40: 0 | H40: =+C40+D40+E40+F40+G40 -> 315.2
A41: 39 | B41: THAI NISSHIN SEIFUN | C41: 297.4 | D41: 0 | E41: 0 | F41: 0 | G41: 0 | H41: =+C41+D41+E41+F41+G41 -> 297.4
A42: 40 | B42: สยามกลาสอยุธยา | C42: 0 | D42: 0 | E42: 251.15 | F42: 0 | G42: 0 | H42: =+C42+D42+E42+F42+G42 -> 251.15
A43: 41 | B43: ทีวี ซัพพลาย เอวี เซ็นเตอร์ | C43: 0 | D43: 0 | E43: 0 | F43: 248.4 | G43: 0 | H43: =+C43+D43+E43+F43+G43 -> 248.4
A44: 42 | B44: ชนากร อินดัสตรี้ | C44: 206 | D44: 0 | E44: 0 | F44: 0 | G44: 0 | H44: =+C44+D44+E44+F44+G44 -> 206
A45: 43 | B45: เอสซีจี เซรามิกส์ | C45: 0 | D45: 0 | E45: 204.288 | F45: 0 | G45: 0 | H45: =+C45+D45+E45+F45+G45 -> 204.288
A46: 44 | B46: ซอร์ อินดี้ เอ็นจิเนียริ่ง | C46: 203.75 | D46: 0 | E46: 0 | F46: 0 | G46: 0 | H46: =+C46+D46+E46+F46+G46 -> 203.75
A47: 45 | B47: เอส.ซี.เอซ.อินดัสตรี้ | C47: 173.3 | D47: 0 | E47: 0 | F47: 0 | G47: 0 | H47: =+C47+D47+E47+F47+G47 -> 173.3
A48: 46 | B48: คาเนมัทสุ สเปเชียล สลีล เซอร์วิส | C48: 0 | D48: 0 | E48: 170.5 | F48: 0 | G48: 0 | H48: =+C48+D48+E48+F48+G48 -> 170.5
A49: 47 | B49: ไทยอินเตอร์เนชั่นแนล ด็อคยาร์ด | C49: 165.1 | D49: 0 | E49: 0 | F49: 0 | G49: 0 | H49: =+C49+D49+E49+F49+G49 -> 165.1
A50: 48 | B50: ซีที.คาร์ตอน แอนด์ แพคเกจจิ้ง ซัพพลาย | C50: 0 | D50: 0 | E50: 0 | F50: 124.2 | G50: 0 | H50: =+C50+D50+E50+F50+G50 -> 124.2
A51: 49 | B51: บีบีซี คอนเทนเนอร์ กรุ๊ป | C51: 0 | D51: 0 | E51: 0 | F51: 24.84 | G51: 0 | H51: =+C51+D51+E51+F51+G51 -> 24.84
A52: ผลรวม | C52: =SUM(C3:C51) -> 521075.59 | D52: =SUM(D3:D51) -> 118235.74 | E52: =SUM(E3:E51) -> 10580.639 | F52: =SUM(F3:F51) -> 3446.84 | G52: =SUM(G3:G51) -> 0 | H52: =SUM(H3:H51) -> 653338.81
C54: =+C52*100/H52 -> 79.755799 | D54: =+D52*100/H52 -> 18.097155 | E54: =+E52*100/H52 -> 1.619472 | F54: =+F52*100/H52 -> 0.52757313 | G54: =+G52*100/H52 -> 0
A60: สรุปยอดขายแยกประเภทสินค้าประจำปี 2568 | L60: สรุปงานพิมพ์ ประจำปี 2568 | V60: สรุป Supplier งานพิมพ์ ประจำปี 2568 | AB60: ถุงคลุม/ชีท ประจำปี 2568
A61: ลำดับที่ | B61: เดือน | C61: ม้วนใส (กก.) | D61: ม้วนพิมพ์ (กก.) | E61: ถุงคลุม/ชีท (กก.) | F61: ฟิล์มยืด(กก,) | G61: ถุงหลอด(กก.) | H61: รวม (กก.) | I61: หมายเหตุ | L61: ลำดับที่ | M61: เดือน | N61: 1สี (กก.) | O61: 2สี (กก.) | P61: 3สี (กก.) | Q61: 4สี (กก.) | R61: 6สี (กก.) | S61: 8สี (กก.) | T61: รวม (กก.) | V61: ลำดับที่ | W61: เดือน | X61: BWP | Y61: ว่องไท | Z61: รวม (กก.) | AB61: ลำดับที่ | AC61: ลูกค้า | AD61: ผลิตเอง (กก.) | AE61: จำนวน( ใบ.) | AF61: จ้างภายนอก (กก.) | AG61: รวม (กก.)
A62: 1 | B62: มกราคม | C62: 438464.53 | D62: 108239.81 | E62: 10409.94 | F62: 1826.78 | G62: 0 | H62: =+C62+D62+E62+F62+G62 -> 558941.06 | L62: 1 | M62: มกราคม | N62: 593.65 | O62: 107609.76 | P62: 0 | Q62: 0 | R62: 0 | S62: 36.4 | T62: =+N62+O62 -> 108203.41 | V62: 1 | W62: มกราคม | X62: 102484.55 | Y62: 5755.26 | Z62: =+X62+Y62 -> 108239.81 | AB62: 1 | AC62: มกราคม | AD62: 10409.942 | AE62: 22800 | AF62: 0 | AG62: =+AD62+AF62 -> 10409.942
A63: 2 | B63: กุมภาพันธ์ | H63: =+C63+D63+E63+F63+G63 -> 0 | L63: 2 | M63: กุมภาพันธ์ | T63: =+N63+O63 -> 0 | V63: 2 | W63: กุมภาพันธ์ | Z63: =+X63+Y63 -> 0 | AB63: 2 | AC63: กุมภาพันธ์ | AD63: 0 | AE63: 0 | AF63: 0 | AG63: =+AD63+AF63 -> 0
A64: 3 | B64: มีนาคม | C64: 521075.59 | D64: 118235.74 | E64: 10580.639 | F64: 3446.84 | G64: 0 | H64: =+C64+D64+E64+F64+G64 -> 653338.81 | L64: 3 | M64: มีนาคม | N64: 1436.5 | O64: 112027.54 | P64: 296.5 | Q64: 0 | R64: 4475.2 | S64: 0 | T64: =+N64+O64 -> 113464.04 | V64: 3 | W64: มีนาคม | X64: 111893.06 | Y64: 6342.68 | Z64: =+X64+Y64 -> 118235.74 | AB64: 3 | AC64: มีนาคม | AD64: 10580.639 | AE64: 42360 | AF64: 0 | AG64: =+AD64+AF64 -> 10580.639
A65: 4 | B65: เมษายน | H65: =+C65+D65+E65+F65+G65 -> 0 | L65: 4 | M65: เมษายน | T65: =+N65+O65 -> 0 | V65: 4 | W65: เมษายน | Z65: =+X65+Y65 -> 0 | AB65: 4 | AC65: เมษายน | AD65: 0 | AE65: 0 | AF65: =AF11 -> 0 | AG65: =+AD65+AF65 -> 0
A66: 5 | B66: พฤษภาคม | H66: =+C66+D66+E66+F66+G66 -> 0 | L66: 5 | M66: พฤษภาคม | T66: =+N66+O66 -> 0 | V66: 5 | W66: พฤษภาคม | Z66: =+X66+Y66 -> 0 | AB66: 5 | AC66: พฤษภาคม | AD66: 0 | AE66: 0 | AF66: =AF12 -> 0 | AG66: =+AD66+AF66 -> 0
A67: 6 | B67: มิถุนายน | H67: =+C67+D67+E67+F67+G67 -> 0 | L67: 6 | M67: มิถุนายน | T67: =+N67+O67 -> 0 | V67: 6 | W67: มิถุนายน | Z67: =+X67+Y67 -> 0 | AB67: 6 | AC67: มิถุนายน | AD67: 0 | AE67: 0 | AF67: =AF13 -> 0 | AG67: =+AD67+AF67 -> 0
A68: 7 | B68: กรกฎาคม | H68: =+C68+D68+E68+F68+G68 -> 0 | L68: 7 | M68: กรกฎาคม | T68: =+N68+O68 -> 0 | V68: 7 | W68: กรกฎาคม | Z68: =+X68+Y68 -> 0 | AB68: 7 | AC68: กรกฎาคม | AD68: 0 | AE68: 0 | AF68: =AF14 -> 0 | AG68: =+AD68+AF68 -> 0
A69: 8 | B69: สิงหาคม | H69: =+C69+D69+E69+F69+G69 -> 0 | L69: 8 | M69: สิงหาคม | T69: =+N69+O69 -> 0 | V69: 8 | W69: สิงหาคม | Z69: =+X69+Y69 -> 0 | AB69: 8 | AC69: สิงหาคม | AD69: 0 | AE69: 0 | AF69: =AF15 -> 0 | AG69: =+AD69+AF69 -> 0
A70: 9 | B70: กันยายน | H70: =+C70+D70+E70+F70+G70 -> 0 | L70: 9 | M70: กันยายน | T70: =+N70+O70 -> 0 | V70: 9 | W70: กันยายน | Z70: =+X70+Y70 -> 0 | AB70: 9 | AC70: กันยายน | AD70: 0 | AE70: 0 | AF70: =AF16 -> 0 | AG70: =+AD70+AF70 -> 0
A71: 10 | B71: ตุลาคม | H71: =+C71+D71+E71+F71+G71 -> 0 | L71: 10 | M71: ตุลาคม | T71: =+N71+O71 -> 0 | V71: 10 | W71: ตุลาคม | Z71: =+X71+Y71 -> 0 | AB71: 10 | AC71: ตุลาคม | AD71: 0 | AE71: 0 | AF71: =AF17 -> 0 | AG71: =+AD71+AF71 -> 0
A72: 11 | B72: พฤศจิกายน | H72: =+C72+D72+E72+F72+G72 -> 0 | L72: 11 | M72: พฤศจิกายน | T72: =+N72+O72 -> 0 | V72: 11 | W72: พฤศจิกายน | Z72: =+X72+Y72 -> 0 | AB72: 11 | AC72: พฤศจิกายน | AD72: 0 | AE72: 0 | AF72: =AF18 -> 0 | AG72: =+AD72+AF72 -> 0
A73: 12 | B73: ธันวาคม | H73: =+C73+D73+E73+F73+G73 -> 0 | L73: 12 | M73: ธันวาคม | T73: =+N73+O73 -> 0 | V73: 12 | W73: ธันวาคม | Z73: =+X73+Y73 -> 0 | AB73: 12 | AC73: ธันวาคม | AD73: 0 | AE73: 0 | AF73: =AF19 -> 0 | AG73: =+AD73+AF73 -> 0
A74: ผลรวม | C74: =SUM(C62:C73) -> 959540.12 | D74: =SUM(D62:D73) -> 226475.55 | E74: =SUM(E62:E73) -> 20990.579 | F74: =SUM(F62:F73) -> 5273.62 | G74: =SUM(G62:G73) -> 0 | H74: =SUM(H62:H73) -> 1212279.9 | M74: ผลรวม | N74: =SUM(N62:N73) -> 2030.15 | O74: =SUM(O62:O73) -> 219637.3 | P74: =SUM(P62:P73) -> 296.5 | Q74: =SUM(Q62:Q73) -> 0 | S74: =SUM(S62:S73) -> 36.4 | T74: =SUM(T62:T73) -> 221667.45 | W74: ผลรวม | X74: =SUM(X62:X73) -> 214377.61 | Y74: =SUM(Y62:Y73) -> 12097.94 | Z74: =SUM(Z62:Z73) -> 226475.55 | AC74: ผลรวม | AD74: =SUM(AD62:AD73) -> 20990.581 | AE74: =SUM(AE62:AE73) -> 65160 | AF74: =SUM(AF62:AF73) -> 0 | AG74: =SUM(AG62:AG73) -> 20990.581
C76: =+C74*100/H74 -> 79.1517 | D76: =+D74*100/H74 -> 18.681788 | E76: =+E74*100/H74 -> 1.7314961 | F76: =+F74*100/H74 -> 0.43501671 | G76: =+G74*100/H74 -> 0 | N76: =+N74*100/T74 -> 0.91585391 | O76: =+O74*100/T74 -> 99.084146 | P76: =+P74*100/T74 -> 0.13375893 | Q76: =+Q74*100/T74 -> 0 | R76: =+R74*100/T74 -> 0 | S76: =+S74*100/T74 -> 0.016420995 | X76: =+X74*100/Z74 -> 94.65817 | Y76: =+Y74*100/Z74 -> 5.3418305
A79: สรุปยอดขายแยกประเภทสินค้าประจำปี 2567 (%) | L79: สรุปงานพิมพ์ ประจำปี 2567 (%) | V79: สรุป Supplier งานพิมพ์ ประจำปี 2567 (%) | AB79: ถุงคลุม/ชีท ประจำปี 2567 (%)
A80: ลำดับที่ | B80: เดือน | C80: ม้วนใส (กก.) | D80: ม้วนพิมพ์ (กก.) | E80: ถุงคลุม/ชีท (กก.) | F80: ฟิล์มยืด(กก,) | G80: ถุงหลอด(กก.) | H80: รวม (กก.) | I80: หมายเหตุ | L80: ลำดับที่ | M80: เดือน | N80: 1สี (กก.) | O80: 2สี (กก.) | P80: 3สี (กก.) | Q80: 4สี (กก.) | S80: 8สี (กก.) | T80: รวม (กก.) | V80: ลำดับที่ | W80: เดือน | X80: BWP | Y80: ว่องไท | Z80: รวม (กก.) | AB80: ลำดับที่ | AC80: ลูกค้า | AD80: ผลิตเอง (กก.) | AE80: จำนวน( ใบ.) | AF80: จ้างภายนอก (กก.) | AG80: รวม (กก.)
A81: 1 | B81: มกราคม | C81: =C62*100/H62 -> 78.445575 | D81: =D62*100/H62 -> 19.365156 | E81: =E62*100/H62 -> 1.8624397 | F81: =F62*100/H62 -> 0.32682874 | G81: =G62*100/H62 -> 0 | H81: =+C81+D81+E81+F81+G81 -> 100 | L81: 1 | M81: มกราคม | N81: =N62*100/T62 -> 0.5486426 | O81: =O62*100/T62 -> 99.451357 | T81: =+N81+O81 -> 100 | V81: 1 | W81: มกราคม | X81: =X62*100/Z62 -> 94.682862 | Y81: =Y62*100/Z62 -> 5.3171379 | Z81: =+X81+Y81 -> 100 | AB81: 1 | AC81: มกราคม | AD81: =AD62*100/AG62 -> 100 | AF81: =AF62*100/AG62 -> 0 | AG81: =+AD81+AF81 -> 100
A82: 2 | B82: กุมภาพันธ์ | C82: =C63*100/H63 -> #DIV/0! | D82: =D63*100/H63 -> #DIV/0! | E82: =E63*100/H63 -> #DIV/0! | F82: =F63*100/H63 -> #DIV/0! | G82: =G63*100/H63 -> #DIV/0! | H82: =+C82+D82+E82+F82+G82 -> #DIV/0! | L82: 2 | M82: กุมภาพันธ์ | N82: =N63*100/T63 -> #DIV/0! | O82: =O63*100/T63 -> #DIV/0! | T82: =+N82+O82+#REF! -> #DIV/0! | V82: 2 | W82: กุมภาพันธ์ | X82: =X63*100/Z63 -> #DIV/0! | Y82: =Y63*100/Z63 -> #DIV/0! | Z82: =+X82+Y82 -> #DIV/0! | AB82: 2 | AC82: กุมภาพันธ์ | AD82: =AD63*100/AG63 -> #DIV/0! | AF82: =AF63*100/AG63 -> #DIV/0! | AG82: =+AD82+AF82 -> #DIV/0!
A83: 3 | B83: มีนาคม | C83: =C64*100/H64 -> 79.755799 | D83: =D64*100/H64 -> 18.097155 | E83: =E64*100/H64 -> 1.619472 | F83: =F64*100/H64 -> 0.52757313 | G83: =G64*100/H64 -> 0 | H83: =+C83+D83+E83+F83+G83 -> 100 | L83: 3 | M83: มีนาคม | N83: =N64*100/T64 -> 1.2660399 | O83: =O64*100/T64 -> 98.73396 | T83: =+N83+O83+#REF! -> #REF! | V83: 3 | W83: มีนาคม | X83: =X64*100/Z64 -> 94.635565 | Y83: =Y64*100/Z64 -> 5.3644355 | Z83: =+X83+Y83 -> 100 | AB83: 3 | AC83: มีนาคม | AD83: =AD64*100/AG64 -> 100 | AF83: =AF64*100/AG64 -> 0 | AG83: =+AD83+AF83 -> 100
A84: 4 | B84: เมษายน | C84: =C65*100/H65 -> #DIV/0! | D84: =D65*100/H65 -> #DIV/0! | E84: =E65*100/H65 -> #DIV/0! | F84: =F65*100/H65 -> #DIV/0! | G84: =G65*100/H65 -> #DIV/0! | H84: =+C84+D84+E84+F84+G84 -> #DIV/0! | L84: 4 | M84: เมษายน | N84: =N65*100/T65 -> #DIV/0! | O84: =O65*100/T65 -> #DIV/0! | T84: =+N84+O84+#REF! -> #DIV/0! | V84: 4 | W84: เมษายน | X84: =X65*100/Z65 -> #DIV/0! | Y84: =Y65*100/Z65 -> #DIV/0! | Z84: =+X84+Y84 -> #DIV/0! | AB84: 4 | AC84: เมษายน | AD84: =AD65*100/AG65 -> #DIV/0! | AF84: =AF65*100/AG65 -> #DIV/0! | AG84: =+AD84+AF84 -> #DIV/0!
A85: 5 | B85: พฤษภาคม | C85: =C66*100/H66 -> #DIV/0! | D85: =D66*100/H66 -> #DIV/0! | E85: =E66*100/H66 -> #DIV/0! | F85: =F66*100/H66 -> #DIV/0! | G85: =G66*100/H66 -> #DIV/0! | H85: =+C85+D85+E85+F85+G85 -> #DIV/0! | L85: 5 | M85: พฤษภาคม | N85: =N66*100/T66 -> #DIV/0! | O85: =O66*100/T66 -> #DIV/0! | T85: =+N85+O85+#REF! -> #DIV/0! | V85: 5 | W85: พฤษภาคม | X85: =X66*100/Z66 -> #DIV/0! | Y85: =Y66*100/Z66 -> #DIV/0! | Z85: =+X85+Y85 -> #DIV/0! | AB85: 5 | AC85: พฤษภาคม | AD85: =AD66*100/AG66 -> #DIV/0! | AF85: =AF66*100/AG66 -> #DIV/0! | AG85: =+AD85+AF85 -> #DIV/0!
A86: 6 | B86: มิถุนายน | C86: =C67*100/H67 -> #DIV/0! | D86: =D67*100/H67 -> #DIV/0! | E86: =E67*100/H67 -> #DIV/0! | F86: =F67*100/H67 -> #DIV/0! | G86: =G67*100/H67 -> #DIV/0! | H86: =+C86+D86+E86+F86+G86 -> #DIV/0! | L86: 6 | M86: มิถุนายน | N86: =N67*100/T67 -> #DIV/0! | O86: =O67*100/T67 -> #DIV/0! | T86: =+N86+O86+#REF! -> #DIV/0! | V86: 6 | W86: มิถุนายน | X86: =X67*100/Z67 -> #DIV/0! | Y86: =Y67*100/Z67 -> #DIV/0! | Z86: =+X86+Y86 -> #DIV/0! | AB86: 6 | AC86: มิถุนายน | AD86: =AD67*100/AG67 -> #DIV/0! | AF86: =AF67*100/AG67 -> #DIV/0! | AG86: =+AD86+AF86 -> #DIV/0!
A87: 7 | B87: กรกฎาคม | C87: =C68*100/H68 -> #DIV/0! | D87: =D68*100/H68 -> #DIV/0! | E87: =E68*100/H68 -> #DIV/0! | F87: =F68*100/H68 -> #DIV/0! | G87: =G68*100/H68 -> #DIV/0! | H87: =+C87+D87+E87+F87+G87 -> #DIV/0! | L87: 7 | M87: กรกฎาคม | N87: =N68*100/T68 -> #DIV/0! | O87: =O68*100/T68 -> #DIV/0! | T87: =+N87+O87+#REF! -> #DIV/0! | V87: 7 | W87: กรกฎาคม | X87: =X68*100/Z68 -> #DIV/0! | Y87: =Y68*100/Z68 -> #DIV/0! | Z87: =+X87+Y87 -> #DIV/0! | AB87: 7 | AC87: กรกฎาคม | AD87: =AD68*100/AG68 -> #DIV/0! | AF87: =AF68*100/AG68 -> #DIV/0! | AG87: =+AD87+AF87 -> #DIV/0!
A88: 8 | B88: สิงหาคม | C88: =C69*100/H69 -> #DIV/0! | D88: =D69*100/H69 -> #DIV/0! | E88: =E69*100/H69 -> #DIV/0! | F88: =F69*100/H69 -> #DIV/0! | G88: =G69*100/H69 -> #DIV/0! | H88: =+C88+D88+E88+F88+G88 -> #DIV/0! | L88: 8 | M88: สิงหาคม | N88: =N69*100/T69 -> #DIV/0! | O88: =O69*100/T69 -> #DIV/0! | T88: =+N88+O88+#REF! -> #DIV/0! | V88: 8 | W88: สิงหาคม | X88: =X69*100/Z69 -> #DIV/0! | Y88: =Y69*100/Z69 -> #DIV/0! | Z88: =+X88+Y88 -> #DIV/0! | AB88: 8 | AC88: สิงหาคม | AD88: =AD69*100/AG69 -> #DIV/0! | AF88: =AF69*100/AG69 -> #DIV/0! | AG88: =+AD88+AF88 -> #DIV/0!
A89: 9 | B89: กันยายน | C89: =C70*100/H70 -> #DIV/0! | D89: =D70*100/H70 -> #DIV/0! | E89: =E70*100/H70 -> #DIV/0! | F89: =F70*100/H70 -> #DIV/0! | G89: =G70*100/H70 -> #DIV/0! | H89: =+C89+D89+E89+F89+G89 -> #DIV/0! | L89: 9 | M89: กันยายน | N89: =N70*100/T70 -> #DIV/0! | O89: =O70*100/T70 -> #DIV/0! | T89: =+N89+O89+#REF! -> #DIV/0! | V89: 9 | W89: กันยายน | X89: =X70*100/Z70 -> #DIV/0! | Y89: =Y70*100/Z70 -> #DIV/0! | Z89: =+X89+Y89 -> #DIV/0! | AB89: 9 | AC89: กันยายน | AD89: =AD70*100/AG70 -> #DIV/0! | AF89: =AF70*100/AG70 -> #DIV/0! | AG89: =+AD89+AF89 -> #DIV/0!
A90: 10 | B90: ตุลาคม | C90: =C71*100/H71 -> #DIV/0! | D90: =D71*100/H71 -> #DIV/0! | E90: =E71*100/H71 -> #DIV/0! | F90: =F71*100/H71 -> #DIV/0! | G90: =G71*100/H71 -> #DIV/0! | H90: =+C90+D90+E90+F90+G90 -> #DIV/0! | L90: 10 | M90: ตุลาคม | N90: =N71*100/T71 -> #DIV/0! | O90: =O71*100/T71 -> #DIV/0! | P90: =P71*100/T71 -> #DIV/0! | Q90: =Q71*100/T71 -> #DIV/0! | S90: =S71*100/T71 -> #DIV/0! | T90: =N90+O90+P90+Q90+S90+#REF! -> #DIV/0! | V90: 10 | W90: ผลรวม | X90: =X71*100/Z71 -> #DIV/0! | Y90: =Y71*100/Z71 -> #DIV/0! | Z90: =+X90+Y90 -> #DIV/0! | AB90: 10 | AC90: ตุลาคม | AD90: =AD71*100/AG71 -> #DIV/0! | AF90: =AF71*100/AG71 -> #DIV/0! | AG90: =+AD90+AF90 -> #DIV/0!
A91: 11 | B91: พฤศจิกายน | C91: =C72*100/H72 -> #DIV/0! | D91: =D72*100/H72 -> #DIV/0! | E91: =E72*100/H72 -> #DIV/0! | F91: =F72*100/H72 -> #DIV/0! | G91: =G72*100/H72 -> #DIV/0! | H91: =+C91+D91+E91+F91+G91 -> #DIV/0! | L91: 11 | M91: พฤศจิกายน | N91: =N72*100/T72 -> #DIV/0! | O91: =O72*100/T72 -> #DIV/0! | P91: =P72*100/T72 -> #DIV/0! | Q91: =Q72*100/T72 -> #DIV/0! | S91: =S72*100/T72 -> #DIV/0! | T91: =N91+O91+P91+Q91+S91+#REF! -> #DIV/0! | V91: 11 | W91: พฤศจิกายน | X91: =X72*100/Z72 -> #DIV/0! | Y91: =Y72*100/Z72 -> #DIV/0! | Z91: =+X91+Y91 -> #DIV/0! | AB91: 11 | AC91: พฤศจิกายน | AD91: =AD72*100/AG72 -> #DIV/0! | AF91: =AF72*100/AG72 -> #DIV/0! | AG91: =+AD91+AF91 -> #DIV/0!
A92: 12 | B92: ธันวาคม | C92: =C73*100/H73 -> #DIV/0! | D92: =D73*100/H73 -> #DIV/0! | E92: =E73*100/H73 -> #DIV/0! | F92: =F73*100/H73 -> #DIV/0! | G92: =G73*100/H73 -> #DIV/0! | H92: =+C92+D92+E92+F92+G92 -> #DIV/0! | L92: 12 | M92: ธันวาคม | N92: =N73*100/T73 -> #DIV/0! | O92: =O73*100/T73 -> #DIV/0! | T92: =N92+O92+P92+Q92+S92+#REF! -> #DIV/0! | V92: 12 | W92: ธันวาคม | X92: =X73*100/Z73 -> #DIV/0! | Y92: =Y73*100/Z73 -> #DIV/0! | Z92: =+X92+Y92 -> #DIV/0! | AB92: 12 | AC92: ธันวาคม | AD92: =AD73*100/AG73 -> #DIV/0! | AF92: =AF73*100/AG73 -> #DIV/0! | AG92: =+AD92+AF92 -> #DIV/0!
A93: ผลรวม | C93: =SUM(C81:C92) -> #DIV/0! | D93: =SUM(D81:D92) -> #DIV/0! | E93: =SUM(E81:E92) -> #DIV/0! | F93: =SUM(F81:F92) -> #DIV/0! | G93: =SUM(G81:G92) -> #DIV/0! | H93: =SUM(H81:H92) -> #DIV/0! | M93: ผลรวม | N93: =SUM(N81:N92) -> #DIV/0! | O93: =SUM(O81:O92) -> #DIV/0! | T93: =SUM(T81:T92) -> #DIV/0! | W93: ผลรวม | X93: =SUM(X81:X92) -> #DIV/0! | Y93: =SUM(Y81:Y92) -> #DIV/0! | Z93: =SUM(Z81:Z92) -> #DIV/0! | AC93: ผลรวม | AD93: =SUM(AD81:AD92) -> #DIV/0! | AE93: =SUM(AE81:AE92) -> 0 | AF93: =SUM(AF81:AF92) -> #DIV/0! | AG93: =SUM(AG81:AG92) -> #DIV/0!

Sheet เมษายน
A1: รายการขายสินค้า BWP เป็นผู้ผลิต
A2: บจก.ที.ซี.ฟาร์มาซูติคอล อุตสาหกรรม
A3: วันที่ | B3: ขนาด | C3: จำนวน(กก.) | D3: ราคา | E3: มูลค่าก่อน VAT | F3: VAT | G3: มูลค่ารวม VAT
A4: 10/04/69 | B4: 28 cm. x 45 mc. | C4: 1472.15 | D4: 68.5 | E4: =+C4*D4 -> 100842.28 | F4: =+E4*7% -> 7058.9593 | G4: =+E4+F4 -> 107901.23 | I4: 6904134
A5: 02/04/69 | B5: 31 cm. x 45 mc.(PCR30%) | C5: 1488.7 | D5: 68.5 | E5: =+C5*D5 -> 101975.95 | F5: =+E5*7% -> 7138.3165 | G5: =+E5+F5 -> 109114.27 | I5: 6904032
A6: 03/04/69 | B6: 31 cm. x 45 mc.(PCR30%) | C6: 2989.9 | D6: 68.5 | E6: =+C6*D6 -> 204808.15 | F6: =+E6*7% -> 14336.571 | G6: =+E6+F6 -> 219144.72 | I6: 6904041
A7: 07/04/69 | B7: 31 cm. x 45 mc.(PCR30%) | C7: 2943.25 | D7: 68.5 | E7: =+C7*D7 -> 201612.62 | F7: =+E7*7% -> 14112.884 | G7: =+E7+F7 -> 215725.51 | I7: 6904086
A8: 08/04/69 | B8: 31 cm. x 45 mc.(PCR30%) | C8: 1495.5 | D8: 68.5 | E8: =+C8*D8 -> 102441.75 | F8: =+E8*7% -> 7170.9225 | G8: =+E8+F8 -> 109612.67 | I8: 6904109
A9: 10/04/69 | B9: 31 cm. x 45 mc.(PCR30%) | C9: 1994.6 | D9: 68.5 | E9: =+C9*D9 -> 136630.1 | F9: =+E9*7% -> 9564.107 | G9: =+E9+F9 -> 146194.21 | I9: 6904132
A10: 16/04/69 | B10: 31 cm. x 45 mc.(PCR30%) | C10: 5499.65 | D10: 68.5 | E10: =+C10*D10 -> 376726.02 | F10: =+E10*7% -> 26370.822 | G10: =+E10+F10 -> 403096.85 | I10: 6904159
A11: 17/04/69 | B11: 31 cm. x 45 mc.(PCR30%) | C11: 1496.85 | D11: 68.5 | E11: =+C11*D11 -> 102534.22 | F11: =+E11*7% -> 7177.3957 | G11: =+E11+F11 -> 109711.62 | I11: 6904178
A12: 18/04/69 | B12: 31 cm. x 45 mc.(PCR30%) | C12: 1498.35 | D12: 68.5 | E12: =+C12*D12 -> 102636.97 | F12: =+E12*7% -> 7184.5882 | G12: =+E12+F12 -> 109821.56 | I12: 6904191
A13: 21/04/69 | B13: 31 cm. x 45 mc.(PCR30%) | C13: 2973.65 | D13: 68.5 | E13: =+C13*D13 -> 203695.02 | F13: =+E13*7% -> 14258.652 | G13: =+E13+F13 -> 217953.68 | I13: 6904250
A14: 22/04/69 | B14: 31 cm. x 45 mc.(PCR30%) | C14: 2997.05 | D14: 68.5 | E14: =+C14*D14 -> 205297.93 | F14: =+E14*7% -> 14370.855 | G14: =+E14+F14 -> 219668.78 | I14: 6904256
A15: 23/04/69 | B15: 31 cm. x 45 mc.(PCR30%) | C15: 1496.7 | D15: 68.5 | E15: =+C15*D15 -> 102523.95 | F15: =+E15*7% -> 7176.6765 | G15: =+E15+F15 -> 109700.63 | I15: 6904272
... A55: 16/04/69 | B55: 54 cm. x 45 mc.(PCR30%) | C55: 1566.22 | D55: 68.5 | E55: =+C55*D55 -> 107286.07 | F55: =+E55*7% -> 7510.0249 | G55: =+E55+F55 -> 114796.09 | I55: 6904158
A56: 21/04/69 | B56: 32cm x 45mc KTD EXTRA ABC 145ml. PCR30% | C56: 48.7 | D56: 68 | E56: =+C56*D56 -> 3311.6 | F56: =+E56*7% -> 231.812 | G56: =+E56+F56 -> 3543.412 | H56: BWP | I56: 6904244
A57: 21/04/69 | B57: 32cm x 45mc KTD EXTRA Zn 145ml. | C57: 46.65 | D57: 68 | E57: =+C57*D57 -> 3172.2 | F57: =+E57*7% -> 222.054 | G57: =+E57+F57 -> 3394.254 | H57: BWP | I57: 6904245
A58: 21/04/69 | B58: 32cm x 45mc KTD 150ml. PCR30% | C58: 23.7 | D58: 68 | E58: =+C58*D58 -> 1611.6 | F58: =+E58*7% -> 112.812 | G58: =+E58+F58 -> 1724.412 | H58: BWP | I58: 6904246
A59: 21/04/69 | B59: 41cm x 50mc RBX 170ml. 2026 | C59: 114.9 | D59: 68 | E59: =+C59*D59 -> 7813.2 | F59: =+E59*7% -> 546.924 | G59: =+E59+F59 -> 8360.124 | H59: BWP | I59: 6904247
A60: 27/04/69 | B60: 54cm x 45mc RB LS 250ml.MY 2C | C60: 491.93 | D60: 100.5 | E60: =+C60*D60 -> 49438.965 | F60: =+E60*7% -> 3460.7276 | G60: =+E60+F60 -> 52899.693 | H60: BWP | I60: 6904308
A61: 08/04/69 | B61: 58cm x 45mc RB Classic 250ml.MY 2024 | C61: 2969.1 | D61: 172.5 | E61: =+C61*D61 -> 512169.75 | F61: =+E61*7% -> 35851.883 | G61: =+E61+F61 -> 548021.63 | H61: BWP | I61: 6904106
A62: 16/04/69 | B62: 58cm x 45mc RB Classic 250ml.MY 2024 | C62: 2993.5 | D62: 172.5 | E62: =+C62*D62 -> 516378.75 | F62: =+E62*7% -> 36146.513 | G62: =+E62+F62 -> 552525.26 | H62: BWP | I62: 6904156
A63: 21/04/69 | B63: 58cm x 45mc RB Classic 250ml.MY 2024 | C63: 2983.6 | D63: 172.5 | E63: =+C63*D63 -> 514671 | F63: =+E63*7% -> 36026.97 | G63: =+E63+F63 -> 550697.97 | H63: BWP | I63: 6904249
A64: 04/04/69 | B64: 58cm x 45mc RB Classic 325ml. | C64: 997.75 | D64: 172.5 | E64: =+C64*D64 -> 172111.88 | F64: =+E64*7% -> 12047.831 | G64: =+E64+F64 -> 184159.71 | H64: BWP | I64: 6904070
A65: 07/04/69 | B65: 58cm x 45mc RB Classic 325ml. | C65: 1450.45 | D65: 172.5 | E65: =+C65*D65 -> 250202.62 | F65: =+E65*7% -> 17514.184 | G65: =+E65+F65 -> 267716.81 | H65: BWP | I65: 6904088
A66: 21/04/69 | B66: 34cm x 45mc ไฮ่ มิกซ์เบอร์รี่ 145ml. x 10ขวด | C66: 16 | D66: 68 | E66: =+C66*D66 -> 1088 | F66: =+E66*7% -> 76.16 | G66: =+E66+F66 -> 1164.16 | H66: BWP | I66: 6904242
A67: 21/04/69 | B67: 34cm x 45mc ไฮ่ พิงค์พันซ์ 145ml. x 10ขวด | C67: 72.15 | D67: 68 | E67: =+C67*D67 -> 4906.2 | F67: =+E67*7% -> 343.434 | G67: =+E67+F67 -> 5249.634 | H67: BWP | I67: 6904241
... A75: 21/04/69 | B75: 54 cm. x 45 mc.ชาขาวเพียวริคุ (สตรอเบอร์รี่) 1x6/350มล. | C75: 25.05 | D75: 68 | E75: =+C75*D75 -> 1703.4 | F75: =+E75*7% -> 119.238 | G75: =+E75+F75 -> 1822.638 | H75: BWP | I75: 6904243
B76: รวม | C76: =SUM(C4:C75) -> 169426.79 | E76: =SUM(E4:E75) -> 12806061 | F76: =SUM(F4:F75) -> 896424.24 | G76: =SUM(G4:G75) -> 13702485
A78: บจก.ไทยน้ำทิพย์ (คลอง13)
A79: วันที่ | B79: ขนาด | C79: จำนวน(กก.) | D79: ราคา | E79: มูลค่าก่อน VAT | F79: VAT | G79: มูลค่ารวม VAT
A80: 03/04/69 | B80: 36cm. x 50mc. | C80: 711.4 | D80: 61.17 | E80: =+C80*D80 -> 43516.338 | F80: =+E80*7% -> 3046.1437 | G80: =+E80+F80 -> 46562.482 | I80: 6904065
A81: 08/04/69 | B81: 36cm. x 50mc. | C81: 174.15 | D81: 61.17 | E81: =+C81*D81 -> 10652.756 | F81: =+E81*7% -> 745.69289 | G81: =+E81+F81 -> 11398.448 | I81: 6904110
A82: 03/04/69 | B82: 38cm. x 55mc. | C82: 2061.45 | D82: 61.17 | E82: =+C82*D82 -> 126098.9 | F82: =+E82*7% -> 8826.9228 | G82: =+E82+F82 -> 134925.82 | I82: 6904064
A83: 03/04/69 | B83: 50 cm. x 70mc. | C83: 1638.1 | D83: 61.17 | E83: =+C83*D83 -> 100202.58 | F83: =+E83*7% -> 7014.1804 | G83: =+E83+F83 -> 107216.76 | I83: 6904066
A84: 08/04/69 | B84: 50 cm. x 70mc. | C84: 423.45 | D84: 61.17 | E84: =+C84*D84 -> 25902.436 | F84: =+E84*7% -> 1813.1706 | G84: =+E84+F84 -> 27715.607 | I84: 6904111
A85: 18/04/69 | B85: 50 cm. x 70mc. | C85: 1591.1 | D85: 61.17 | E85: =+C85*D85 -> 97327.587 | F85: =+E85*7% -> 6812.9311 | G85: =+E85+F85 -> 104140.52 | I85: 6904196
A86: 24/04/69 | B86: 50 cm. x 75mc. | C86: 2516.85 | D86: 61.17 | E86: =+C86*D86 -> 153955.71 | F86: =+E86*7% -> 10776.9 | G86: =+E86+F86 -> 164732.61 | I86: 6904297
A87: 01/04/69 | B87: 50 cm. x 75mc. | C87: 5084.75 | D87: 61.17 | E87: =+C87*D87 -> 311034.16 | F87: =+E87*7% -> 21772.391 | G87: =+E87+F87 -> 332806.55 | I87: 6904018
A88: 01/04/69 | B88: 50 cm. x 80mc. | C88: 5044 | D88: 61.17 | E88: =+C88*D88 -> 308541.48 | F88: =+E88*7% -> 21597.904 | G88: =+E88+F88 -> 330139.38 | I88: 6904017
A89: 23/04/69 | B89: 50 cm. x 80mc. | C89: 4904.85 | D89: 61.17 | E89: =+C89*D89 -> 300029.67 | F89: =+E89*7% -> 21002.077 | G89: =+E89+F89 -> 321031.75 | I89: 6904281
A90: 02/04/69 | B90: 50cm. x 75mc. (สีแดง) | C90: 937.1 | D90: 76.17 | E90: =+C90*D90 -> 71378.907 | F90: =+E90*7% -> 4996.5235 | G90: =+E90+F90 -> 76375.43 | I90: 6904027
A91: 02/04/69 | B91: 50cm. x 80mc. (สีแดง) | C91: 5504.65 | D91: 76.17 | E91: =+C91*D91 -> 419289.19 | F91: =+E91*7% -> 29350.243 | G91: =+E91+F91 -> 448639.43 | I91: 6904026
... A112: 30/04/69 | B112: 84 cm. X 55 mc. | C112: 5136.7 | D112: 61.17 | E112: =+C112*D112 -> 314211.94 | F112: =+E112*7% -> 21994.836 | G112: =+E112+F112 -> 336206.77 | I112: 6904355
B113: รวม | C113: =SUM(C80:C112) -> 110460.58 | E113: =SUM(E80:E112) -> 7202735.9 | F113: =SUM(F80:F112) -> 504191.52 | G113: =SUM(G80:G112) -> 7706927.4
A115: บจก.ไทยน้ำทิพย์ (โคราช)
A116: วันที่ | B116: ขนาด | C116: จำนวน(กก.) | D116: ราคา | E116: มูลค่าก่อน VAT | F116: VAT | G116: มูลค่ารวม VAT
A117: 29/04/69 | B117: 50cm. x 75mc. | C117: 3067.8 | D117: 61.17 | E117: =+C117*D117 -> 187657.33 | F117: =+E117*7% -> 13136.013 | G117: =+E117+F117 -> 200793.34 | I117: 6904338
A118: 09/04/69 | B118: 50cm. x 80mc. | C118: 6075.9 | D118: 61.17 | E118: =+C118*D118 -> 371662.8 | F118: =+E118*7% -> 26016.396 | G118: =+E118+F118 -> 397679.2 | I118: 6904121
A119: 17/04/69 | B119: 50cm. x 80mc. | C119: 3051.15 | D119: 61.17 | E119: =+C119*D119 -> 186638.85 | F119: =+E119*7% -> 13064.719 | G119: =+E119+F119 -> 199703.56 | I119: 6904174
A120: 23/04/69 | B120: 50cm. x 80mc. | C120: 3014.2 | D120: 61.17 | E120: =+C120*D120 -> 184378.61 | F120: =+E120*7% -> 12906.503 | G120: =+E120+F120 -> 197285.12 | I120: 6904269
A121: 06/04/69 | B121: 52cm. x 80mc. | C121: 2998.25 | D121: 61.17 | E121: =+C121*D121 -> 183402.95 | F121: =+E121*7% -> 12838.207 | G121: =+E121+F121 -> 196241.16 | I121: 6904074
A122: 22/04/69 | B122: 52cm. x 80mc. | C122: 2430.85 | D122: 61.17 | E122: =+C122*D122 -> 148695.09 | F122: =+E122*7% -> 10408.657 | G122: =+E122+F122 -> 159103.75 | I122: 6904252
A123: 23/04/69 | B123: 52cm. x 80mc. | C123: 601.95 | D123: 61.17 | E123: =+C123*D123 -> 36821.282 | F123: =+E123*7% -> 2577.4897 | G123: =+E123+F123 -> 39398.771 | I123: 6904270
A124: 29/04/69 | B124: 52cm. x 80mc. | C124: 3062.45 | D124: 61.17 | E124: =+C124*D124 -> 187330.07 | F124: =+E124*7% -> 13113.105 | G124: =+E124+F124 -> 200443.17 | I124: 6904339
A125: 20/04/69 | B125: 53cm. x 80mc.(สีแดง) | C125: 2652.6 | D125: 76.17 | E125: =+C125*D125 -> 202048.54 | F125: =+E125*7% -> 14143.398 | G125: =+E125+F125 -> 216191.94 | I125: 6904205
A126: 20/04/69 | B126: 63cm. x 80mc. | C126: 4728.5 | D126: 61.17 | E126: =+C126*D126 -> 289242.35 | F126: =+E126*7% -> 20246.964 | G126: =+E126+F126 -> 309489.31 | I126: 6904203
A127: 20/04/69 | B127: 76 cm. X 55 mc. | C127: 3041.8 | D127: 61.17 | E127: =+C127*D127 -> 186066.91 | F127: =+E127*7% -> 13024.683 | G127: =+E127+F127 -> 199091.59 | I127: 6904204
A128: 27/04/69 | B128: 76 cm. X 55 mc. | C128: 3055.4 | D128: 61.17 | E128: =+C128*D128 -> 186898.82 | F128: =+E128*7% -> 13082.917 | G128: =+E128+F128 -> 199981.74 | I128: 6904320
B129: รวม | C129: =SUM(C117:C128) -> 37780.85 | E129: =SUM(E117:E128) -> 2350843.6 | F129: =SUM(F117:F128) -> 164559.05 | G129: =SUM(G117:G128) -> 2515402.6
A131: บจก.ไทยน้ำทิพย์ (ปทุมธานี)
A132: วันที่ | B132: ขนาด | C132: จำนวน(กก.) | D132: ราคา | E132: มูลค่าก่อน VAT | F132: VAT | G132: มูลค่ารวม VAT
A133: 20/04/69 | B133: 44 cm. x 45mc. | C133: 2586.95 | D133: 61.17 | E133: =+C133*D133 -> 158243.73 | F133: =+E133*7% -> 11077.061 | G133: =+E133+F133 -> 169320.79 | I133: 6904207
A134: 03/04/69 | B134: 50 cm. x 75mc. | C134: 5315.75 | D134: 61.17 | E134: =+C134*D134 -> 325164.43 | F134: =+E134*7% -> 22761.51 | G134: =+E134+F134 -> 347925.94 | I134: 6904039
A135: 10/04/69 | B135: 50 cm. x 75mc. | C135: 6089.1 | D135: 61.17 | E135: =+C135*D135 -> 372470.25 | F135: =+E135*7% -> 26072.917 | G135: =+E135+F135 -> 398543.16 | I135: 6904128
A136: 09/04/69 | B136: 50 cm. x 75mc. | C136: 5014.25 | D136: 61.17 | E136: =+C136*D136 -> 306721.67 | F136: =+E136*7% -> 21470.517 | G136: =+E136+F136 -> 328192.19 | I136: 6904123
A137: 17/04/69 | B137: 50 cm. x 75mc. | C137: 4980.55 | D137: 61.17 | E137: =+C137*D137 -> 304660.24 | F137: =+E137*7% -> 21326.217 | G137: =+E137+F137 -> 325986.46 | I137: 6904176
A138: 24/04/69 | B138: 50 cm. x 75mc. | C138: 2057.65 | D138: 61.17 | E138: =+C138*D138 -> 125866.45 | F138: =+E138*7% -> 8810.6515 | G138: =+E138+F138 -> 134677.1 | I138: 6904298
A139: 30/04/69 | B139: 50 cm. x 75mc. | C139: 6040.05 | D139: 61.17 | E139: =+C139*D139 -> 369469.86 | F139: =+E139*7% -> 25862.89 | G139: =+E139+F139 -> 395332.75 | I139: 6904352
A140: 02/04/69 | B140: 53 cm. x 70mc. | C140: 4517.5 | D140: 61.17 | E140: =+C140*D140 -> 276335.48 | F140: =+E140*7% -> 19343.483 | G140: =+E140+F140 -> 295678.96 | I140: 6904024
A141: 03/04/69 | B141: 53 cm. x 70mc. | C141: 1028.45 | D141: 61.17 | E141: =+C141*D141 -> 62910.287 | F141: =+E141*7% -> 4403.7201 | G141: =+E141+F141 -> 67314.007 | I141: 6904040
A142: 10/04/69 | B142: 53 cm. x 70mc. | C142: 8202.55 | D142: 61.17 | E142: =+C142*D142 -> 501749.98 | F142: =+E142*7% -> 35122.499 | G142: =+E142+F142 -> 536872.48 | I142: 6904129
A143: 09/04/69 | B143: 53 cm. x 70mc. | C143: 494.1 | D143: 61.17 | E143: =+C143*D143 -> 30224.097 | F143: =+E143*7% -> 2115.6868 | G143: =+E143+F143 -> 32339.784 | I143: 6904124
A144: 15/04/69 | B144: 53 cm. x 70mc. | C144: 1610.3 | D144: 61.17 | E144: =+C144*D144 -> 98502.051 | F144: =+E144*7% -> 6895.1436 | G144: =+E144+F144 -> 105397.19 | I144: 6904152
... A147: 15/04/69 | B147: 54 cm. x 60mc.(สีแดง) | C147: 6107.35 | D147: 76.17 | E147: =+C147*D147 -> 465196.85 | F147: =+E147*7% -> 32563.779 | G147: =+E147+F147 -> 497760.63 | I147: 6904151
B148: รวม | C148: =SUM(C133:C147) -> 59360.65 | E148: =SUM(E133:E147) -> 3722701.2 | F148: =SUM(F133:F147) -> 260589.08 | G148: =SUM(G133:G147) -> 3983290.3
A150: บมจ.หาดทิพย์
A151: วันที่ | B151: ขนาด | C151: จำนวน(กก.) | D151: ราคา | E151: มูลค่าก่อน VAT | F151: VAT | G151: มูลค่ารวม VAT
A152: 06/04/69 | B152: 33 cm. X 55 mc. | C152: 1210.95 | D152: 69 | E152: =+C152*D152 -> 83555.55 | F152: =+E152*7% -> 5848.8885 | G152: =+E152+F152 -> 89404.439 | I152: 6904084
A153: 10/04/69 | B153: 33 cm. X 55 mc. | C153: 301.8 | D153: 69 | E153: =+C153*D153 -> 20824.2 | F153: =+E153*7% -> 1457.694 | G153: =+E153+F153 -> 22281.894 | I153: 6904149
A154: 06/04/69 | B154: 34 cm. X 50 mc. | C154: 2969.2 | D154: 69 | E154: =+C154*D154 -> 204874.8 | F154: =+E154*7% -> 14341.236 | G154: =+E154+F154 -> 219216.04 | I154: 6904084
A155: 10/04/69 | B155: 38 cm. X 55 mc. | C155: 1274.75 | D155: 69 | E155: =+C155*D155 -> 87957.75 | F155: =+E155*7% -> 6157.0425 | G155: =+E155+F155 -> 94114.792 | I155: 6904149
A156: 27/04/69 | B156: 38 cm. X 55 mc. | C156: 2178.6 | D156: 69 | E156: =+C156*D156 -> 150323.4 | F156: =+E156*7% -> 10522.638 | G156: =+E156+F156 -> 160846.04 | I156: 6904322
A157: 05/04/69 | B157: 38 cm. X 55 mc.สูตร 1 | C157: 697.6 | D157: 69 | E157: =+C157*D157 -> 48134.4 | F157: =+E157*7% -> 3369.408 | G157: =+E157+F157 -> 51503.808 | I157: 6904073
A158: 06/04/69 | B158: 38 cm. X 55 mc.สูตร 1 | C158: 314.45 | D158: 69 | E158: =+C158*D158 -> 21697.05 | F158: =+E158*7% -> 1518.7935 | G158: =+E158+F158 -> 23215.843 | I158: 6904084
A159: 16/04/69 | B159: 38 cm. X 55 mc.สูตร 1 | C159: 4467.15 | D159: 69 | E159: =+C159*D159 -> 308233.35 | F159: =+E159*7% -> 21576.335 | G159: =+E159+F159 -> 329809.68 | I159: 6904153
A160: 19/04/69 | B160: 38 cm. X 55 mc.สูตร 1 | C160: 277.6 | D160: 69 | E160: =+C160*D160 -> 19154.4 | F160: =+E160*7% -> 1340.808 | G160: =+E160+F160 -> 20495.208 | I160: 6904202
A161: 26/04/69 | B161: 38 cm. X 55 mc.สูตร 1 | C161: 766.35 | D161: 69 | E161: =+C161*D161 -> 52878.15 | F161: =+E161*7% -> 3701.4705 | G161: =+E161+F161 -> 56579.621 | I161: 6904306
A162: 26/04/69 | B162: 38 cm. X 55 mc.สูตร 1 | C162: 2983.55 | D162: 69 | E162: =+C162*D162 -> 205864.95 | F162: =+E162*7% -> 14410.547 | G162: =+E162+F162 -> 220275.5 | I162: 6904305
A163: 06/04/69 | B163: 45 cm. X 70 mc. | C163: 1436.3 | D163: 69 | E163: =+C163*D163 -> 99104.7 | F163: =+E163*7% -> 6937.329 | G163: =+E163+F163 -> 106042.03 | I163: 6904084
... A192: 29/04/69 | B192: 70 cm. X 65 mc. | C192: 470.8 | D192: 69 | E192: =+C192*D192 -> 32485.2 | F192: =+E192*7% -> 2273.964 | G192: =+E192+F192 -> 34759.164 | I192: 6904351
B193: รวม | C193: =SUM(C152:C192) -> 100224.13 | E193: =SUM(E152:E192) -> 6915465 | F193: =SUM(F152:F192) -> 484082.55 | G193: =SUM(G152:G192) -> 7399547.5
A195: บมจ.กรีนสปอต
A196: วันที่ | B196: ขนาด | C196: จำนวน(กก.) | D196: ราคา | E196: มูลค่าก่อน VAT | F196: VAT | G196: มูลค่ารวม VAT
A197: 02/04/69 | B197: PE180บน UHT 200mm x 40mic Mix P3 (PCR30%) | C197: 398.75 | D197: 68 | E197: =+C197*D197 -> 27115 | F197: =+E197*7% -> 1898.05 | G197: =+E197+F197 -> 29013.05 | I197: 6904034
A198: 30/04/69 | B198: PE180บน UHT 200mm x 40mic Mix P3 (PCR30%) | C198: 1493.8 | D198: 68 | E198: =+C198*D198 -> 101578.4 | F198: =+E198*7% -> 7110.488 | G198: =+E198+F198 -> 108688.89 | I198: 6904357
A199: 03/04/69 | B199: PE250บน UHT 215mm x 40mic Mix P3,6,12 (PCR30%) | C199: 850.84 | D199: 68 | E199: =+C199*D199 -> 57857.12 | F199: =+E199*7% -> 4049.9984 | G199: =+E199+F199 -> 61907.118 | I199: 6904052
A200: 06/04/69 | B200: PE200บน UHT 240mm x 40mic Mix P4 (PCR30%) | C200: 1045.54 | D200: 68 | E200: =+C200*D200 -> 71096.72 | F200: =+E200*7% -> 4976.7704 | G200: =+E200+F200 -> 76073.49 | I200: 6904082
A201: 29/04/69 | B201: PE200บน UHT 240mm x 40mic Mix P4 (PCR30%) | C201: 1884.96 | D201: 68 | E201: =+C201*D201 -> 128177.28 | F201: =+E201*7% -> 8972.4096 | G201: =+E201+F201 -> 137149.69 | I201: 6904345
...

Sheet ยอดขายรวม เมย.
A1: รายการขายสินค้าประจำเดือน เมษายน 2569 | L1: งานพิมพ์ประจำเดือน เมษายน 2569 | V1: Supplier งานพิมพ์ประจำเดือน เมษายน 2569 | AB1: ถุงคลุม/ชีท ประจำเดือน เมษายน 2569
A2: ลำดับที่ | B2: ลูกค้า | C2: ม้วนใส (กก.) | D2: ม้วนพิมพ์ (กก.) | E2: ถุงคลุม/ชีท (กก.) | F2: ฟิล์มยืด(กก.) | G2: ถุงหลอด(กก.) | H2: รวม (กก.) | I2: หมายเหตุ | L2: ลำดับที่ | M2: ลูกค้า | N2: 1สี (กก.) | O2: 2สี (กก.) | P2: 3สี (กก.) | Q2: 4สี (กก.) | R2: 6สี (กก.) | S2: 8สี (กก.) | T2: รวม (กก.) | V2: ลำดับที่ | W2: ลูกค้า | X2: BWP | Y2: ว่องไท | Z2: รวม (กก.) | AB2: ลำดับที่ | AC2: ลูกค้า | AD2: ผลิตเอง (กก.) | AE2: จำนวน( ใบ.) | AF2: จ้างภายนอก (กก.) | AG2: รวม (กก.)
A3: 1 | B3: ไทยน้ำทิพย์ | C3: 207602.08 | D3: 0 | E3: 0 | F3: 0 | G3: 0 | H3: =+C3+D3+E3+F3+G3 -> 207602.08 | J3: =+H3*100/H51 -> 28.814542 | L3: 1 | M3: ที.ซีฟาร์มาฯ | N3: 0 | O3: 1359.61 | P3: 0 | Q3: 0 | R3: 11394.4 | S3: 0 | T3: =N3+O3+P3+Q3+R3+S3 -> 12754.01 | U3: =+T3*100/T12 -> 18.138033 | V3: 1 | W3: ที.ซีฟาร์มาฯ | X3: 12754.01 | Y3: 0 | Z3: =+X3+Y3 -> 12754.01 | AB3: 1 | AC3: ปูนซิเมนต์ไทย(ท่าหลวง)(โรงงานเขาวง) | AD3: 3253 | AE3: 20000 | AF3: 0 | AG3: =+AD3+AF3 -> 3253
A4: 2 | B4: ที.ซีฟาร์มาฯ | C4: 156672.78 | D4: 12754.01 | E4: 0 | F4: 0 | G4: 0 | H4: =+C4+D4+E4+F4+G4 -> 169426.79 | I4: BWP | J4: =+H4*100/H51 -> 23.515927 | L4: 2 | M4: กรีนสปอต | N4: 576.06 | O4: 25958.73 | P4: 0 | Q4: 0 | R4: 0 | S4: 0 | T4: =N4+O4+P4+Q4+R4+S4 -> 26534.79 | U4: =+T4*100/T12 -> 37.73628 | V4: 2 | W4: กรีนสปอต | X4: 26534.79 | Y4: 0 | Z4: =+X4+Y4 -> 26534.79 | AB4: 2 | AC4: เอ็น พลัส ชัพพลาย | AD4: 1994.4 | AE4: 1800 | AF4: 0 | AG4: =+AD4+AF4 -> 1994.4
A5: 3 | B5: หาดทิพย์ | C5: 100224.13 | D5: 0 | E5: 0 | F5: 0 | G5: 0 | H5: =+C5+D5+E5+F5+G5 -> 100224.13 | J5: =+H5*100/H51 -> 13.910807 | L5: 3 | M5: โตโยไซกัน | N5: 0 | O5: 14816.45 | P5: 41.71 | Q5: 0 | R5: 0 | S5: 0 | T5: =N5+O5+P5+Q5+R5+S5 -> 14858.16 | U5: =+T5*100/T12 -> 21.130436 | V5: 3 | W5: โตโยไซกัน | X5: 14858.15 | Y5: 0 | Z5: =+X5+Y5 -> 14858.15 | AB5: 3 | AC5: สยามอุตสาหกรรมวัสดุทนไฟ | AD5: 994.68 | AE5: 13200 | AF5: 0 | AG5: =+AD5+AF5 -> 994.68
A6: 4 | B6: โอสถสภา | C6: 50673 | D6: 0 | E6: 0 | F6: 0 | G6: 0 | H6: =+C6+D6+E6+F6+G6 -> 50673 | J6: =+H6*100/H51 -> 7.0332594 | L6: 4 | M6: ฟรีสแลนด์คัมพิน่า | N6: 0 | O6: 13143.23 | P6: 0 | Q6: 0 | R6: 0 | S6: 0 | T6: =N6+O6+P6+Q6+R6+S6 -> 13143.23 | U6: =+T6*100/T12 -> 18.69156 | V6: 4 | W6: ฟรีสแลนด์คัมพิน่า | X6: 13143.23 | Y6: 0 | Z6: =+X6+Y6 -> 13143.23 | AB6: 4 | AC6: สยาม แกรนด์-เทค | AD6: 600 | AE6: 1500 | AF6: 0 | AG6: =+AD6+AF6 -> 600
A7: 5 | B7: กรีนสปอต | C7: 7127.84 | D7: 26534.79 | E7: 0 | F7: 0 | G7: 0 | H7: =+C7+D7+E7+F7+G7 -> 33662.63 | I7: BWP | J7: =+H7*100/H51 -> 4.6722714 | L7: 5 | M7: ผลิตภัณฑ์ตราเพชร | N7: 0 | O7: 0 | P7: 0 | Q7: 990.75 | R7: 0 | S7: 0 | T7: =N7+O7+P7+Q7+R7+S7 -> 990.75 | U7: =+T7*100/T12 -> 1.4089887 | V7: 5 | W7: ผลิตภัณฑ์ตราเพชร | X7: 990.75 | Y7: 0 | Z7: =+X7+Y7 -> 990.75 | AB7: 5 | AC7: ทรัพย์สุภา อินเตอร์เทรด | AD7: 598 | AE7: 1000 | AF7: 0 | AG7: =+AD7+AF7 -> 598
A8: 6 | B8: เสริมสุข | C8: 24339.85 | D8: 0 | E8: 0 | F8: 0 | G8: 0 | H8: =+C8+D8+E8+F8+G8 -> 24339.85 | J8: =+H8*100/H51 -> 3.3782977 | L8: 6 | M8: สหกรณ์โคนมหนองโพ | N8: 0 | O8: 501 | P8: 0 | Q8: 0 | R8: 0 | S8: 0 | T8: =N8+O8+P8+Q8+R8+S8 -> 501 | U8: =+T8*100/T12 -> 0.71249392 | V8: 6 | W8: สหกรณ์โคนมหนองโพ | X8: 501 | Y8: 0 | Z8: =+X8+Y8 -> 501 | AB8: 6 | AC8: ไบเออร์สด๊อฟ | AD8: 0 | AE8: 0 | AF8: 2447 | AG8: =+AD8+AF8 -> 2447
A9: 7 | B9: โตโยไซกัน | C9: 7899.25 | D9: 14858.15 | E9: 0 | F9: 0 | G9: 0 | H9: =+C9+D9+E9+F9+G9 -> 22757.4 | I9: BWP | J9: =+H9*100/H51 -> 3.1586584 | L9: 7 | M9: เจ.เอส.อุตสาหกรรมพลาสติก | N9: 0 | O9: 471.55 | P9: 0 | Q9: 0 | R9: 0 | S9: 0 | T9: =N9+O9+P9+Q9+R9+S9 -> 471.55 | U9: =+T9*100/T12 -> 0.67061179 | V9: 7 | W9: เจ.เอส.อุตสาหกรรมพลาสติก | X9: 471.55 | Y9: 0 | Z9: =+X9+Y9 -> 471.55 | AC9: ผลรวม | AD9: =SUM(AD3:AD8) -> 7440.08 | AE9: =SUM(AE3:AE8) -> 37500 | AF9: =SUM(AF3:AF8) -> 2447 | AG9: =SUM(AG3:AG8) -> 9887.08
A10: 8 | B10: ฟรีสแลนด์คัมพิน่า | C10: 0 | D10: 13143.23 | E10: 0 | F10: 0 | G10: 0 | H10: =+C10+D10+E10+F10+G10 -> 13143.23 | I10: BWP | J10: =+H10*100/H51 -> 1.8242406 | L10: 8 | M10: ยูนิ-เพรสซิเดนท์ | N10: 0 | O10: 876.75 | P10: 0 | Q10: 0 | R10: 0 | S10: 0 | T10: =N10+O10+P10+Q10+R10+S10 -> 876.75 | U10: =+T10*100/T12 -> 1.2468644 | V10: 8 | W10: ยูนิ-เพรสซิเดนท์ | X10: 876.75 | Y10: 0 | Z10: =+X10+Y10 -> 876.75
A11: 9 | B11: อินคาวอเตอร์ | C11: 11889.9 | D11: 0 | E11: 0 | F11: 0 | G11: 0 | H11: =+C11+D11+E11+F11+G11 -> 11889.9 | J11: =+H11*100/H51 -> 1.6502822 | L11: 10 | M11: ทิปโก้ | N11: 186.15 | O11: 0 | P11: 0 | Q11: 0 | R11: 0 | S11: 0 | T11: =N11+O11+P11+Q11+R11+S11 -> 186.15 | U11: =+T11*100/T12 -> 0.26473202 | V11: 10 | W11: ทิปโก้ | X11: 186.15 | Y11: 0 | Z11: =+X11+Y11 -> 186.15
A12: 10 | B12: กรีนสวิลล์ | C12: 9573.8 | D12: 0 | E12: 0 | F12: 0 | G12: 0 | H12: =+C12+D12+E12+F12+G12 -> 9573.8 | J12: =+H12*100/H51 -> 1.3288145 | M12: ผลรวม | N12: =SUM(N3:N11) -> 762.21 | O12: =SUM(O3:O11) -> 57127.32 | P12: =SUM(P3:P11) -> 41.71 | Q12: =SUM(Q3:Q11) -> 990.75 | R12: =SUM(R3:R11) -> 11394.4 | S12: =SUM(S3:S11) -> 0 | T12: =SUM(T3:T11) -> 70316.39 | W12: ผลรวม | X12: =SUM(X3:X11) -> 70316.38 | Y12: =SUM(Y3:Y11) -> 0 | Z12: =SUM(Z3:Z11) -> 70316.38
A13: 11 | B13: ทิพย์นที (2005) | C13: 9551.15 | D13: 0 | E13: 0 | F13: 0 | G13: 0 | H13: =+C13+D13+E13+F13+G13 -> 9551.15
A14: 12 | B14: สเปซ วอเตอร์ | C14: 8634.35 | D14: 0 | E14: 0 | F14: 0 | G14: 0 | H14: =+C14+D14+E14+F14+G14 -> 8634.35 | N14: =+N12*100/T12 -> 1.083972 | O14: =+O12*100/T12 -> 81.243249 | P14: =+P12*100/T12 -> 0.059317607 | Q14: =+Q12*100/T12 -> 1.4089887 | R14: =+R12*100/T12 -> 16.204472 | S14: =+S12*100/T12 -> 0 | X14: =+X12*100/Z12 -> 100 | Y14: =+Y12*100/Z12 -> 0
A15: 13 | B15: เอ็มเอ็มพี คอร์ปอเรชั่น | C15: 5983.25 | D15: 0 | E15: 0 | F15: 0 | G15: 0 | H15: =+C15+D15+E15+F15+G15 -> 5983.25
A16: 14 | B16: สยามไฟเบอร์ซีเมนต์กรุ๊ป | C16: 5019.25 | D16: 0 | E16: 0 | F16: 0 | G16: 0 | H16: =+C16+D16+E16+F16+G16 -> 5019.25
A17: 15 | B17: เซเว่นสตาร์ | C17: 4707.9 | D17: 0 | E17: 0 | F17: 0 | G17: 0 | H17: =+C17+D17+E17+F17+G17 -> 4707.9
A18: 16 | B18: ขายยาเพ็ญภาค | C18: 4562.15 | D18: 0 | E18: 0 | F18: 0 | G18: 0 | H18: =+C18+D18+E18+F18+G18 -> 4562.15
A19: 17 | B19: ปูนซิเมนต์ไทย(ท่าหลวง)(โรงงานเขาวง) | C19: 554.85 | D19: 0 | E19: 3253 | F19: 0 | G19: 0 | H19: =+C19+D19+E19+F19+G19 -> 3807.85
A20: 18 | B20: ผลิตภัณฑ์ตราเพชร | C20: 2794.75 | D20: 990.75 | E20: 0 | F20: 0 | G20: 0 | H20: =+C20+D20+E20+F20+G20 -> 3785.5 | I20: BWP
A21: 19 | B21: เพ็ญภาคไวเนอรี่ | C21: 2980.55 | D21: 0 | E21: 0 | F21: 0 | G21: 0 | H21: =+C21+D21+E21+F21+G21 -> 2980.55
A22: 20 | B22: ชิโคะคุ | C22: 2581.95 | D22: 0 | E22: 0 | F22: 0 | G22: 0 | H22: =+C22+D22+E22+F22+G22 -> 2581.95
A23: 21 | B23: ฐิติภัณฑ์ อินเตอร์พลัส | C23: 2544.05 | D23: 0 | E23: 0 | F23: 0 | G23: 0 | H23: =+C23+D23+E23+F23+G23 -> 2544.05
A24: 22 | B24: สหกรณ์โคนมหนองโพ | C24: 1988.8 | D24: 501 | E24: 0 | F24: 0 | G24: 0 | H24: =+C24+D24+E24+F24+G24 -> 2489.8 | I24: BWP
A25: 23 | B25: ไบเออร์สด๊อฟ | C25: 0 | D25: 0 | E25: 0 | F25: 0 | G25: 2447 | H25: =+C25+D25+E25+F25+G25 -> 2447 | I25: วันเดอร์ฟูล
A26: 24 | B26: จอมธนา | C26: 2078.85 | D26: 0 | E26: 0 | F26: 0 | G26: 0 | H26: =+C26+D26+E26+F26+G26 -> 2078.85
A27: 25 | B27: เอ็น พลัส ชัพพลาย | C27: 0 | D27: 0 | E27: 1994.4 | F27: 0 | G27: 0 | H27: =+C27+D27+E27+F27+G27 -> 1994.4
A28: 26 | B28: สุรใจฟู้ดส์อินดัสทรี | C28: 1549.5 | D28: 0 | E28: 0 | F28: 0 | G28: 0 | H28: =+C28+D28+E28+F28+G28 -> 1549.5
A29: 27 | B29: เจ.เอส.อุตสาหกรรมพลาสติก | C29: 991.7 | D29: 471.55 | E29: 0 | F29: 0 | G29: 0 | H29: =+C29+D29+E29+F29+G29 -> 1463.25 | I29: BWP
A30: 28 | B30: พลอยพรรณราย อินดัสตรี | C30: 1387.8 | D30: 0 | E30: 0 | F30: 0 | G30: 0 | H30: =+C30+D30+E30+F30+G30 -> 1387.8
A31: 29 | B31: สยามอุตสาหกรรมวัสดุทนไฟ | C31: 0 | D31: 0 | E31: 994.68 | F31: 0 | G31: 0 | H31: =+C31+D31+E31+F31+G31 -> 994.68
A32: 30 | B32: ลวดเชื่อมไทยฮันซ่า | C32: 974.35 | D32: 0 | E32: 0 | F32: 0 | G32: 0 | H32: =+C32+D32+E32+F32+G32 -> 974.35
A33: 31 | B33: เมทเทิล เมท | C33: 969.5 | D33: 0 | E33: 0 | F33: 0 | G33: 0 | H33: =+C33+D33+E33+F33+G33 -> 969.5
A34: 32 | B34: ฐิติรัตน์ | C34: 967.96 | D34: 0 | E34: 0 | F34: 0 | G34: 0 | H34: =+C34+D34+E34+F34+G34 -> 967.96
A35: 33 | B35: ยูนิ-เพรสซิเดนท์ | C35: 0 | D35: 876.75 | E35: 0 | F35: 0 | G35: 0 | H35: =+C35+D35+E35+F35+G35 -> 876.75 | I35: BWP
A36: 34 | B36: ทิปโก้ | C36: 580.3 | D36: 186.15 | E36: 0 | F36: 0 | G36: 0 | H36: =+C36+D36+E36+F36+G36 -> 766.45 | I36: BWP
A37: 35 | B37: สยาม แกรนด์-เทค | C37: 0 | D37: 0 | E37: 600 | F37: 0 | G37: 0 | H37: =+C37+D37+E37+F37+G37 -> 600
A38: 36 | B38: ทรัพย์สุภา อินเตอร์เทรด | C38: 0 | D38: 0 | E38: 598 | F38: 0 | G38: 0 | H38: =+C38+D38+E38+F38+G38 -> 598
A39: 37 | B39: ซันสวีท | C39: 434.8 | D39: 0 | E39: 0 | F39: 0 | G39: 0 | H39: =+C39+D39+E39+F39+G39 -> 434.8
A40: 38 | B40: ลัคซูรี่ ดิไวซ์ | C40: 0 | D40: 0 | E40: 0 | F40: 331.4 | G40: 0 | H40: =+C40+D40+E40+F40+G40 -> 331.4
A41: 39 | B41: คิงสเตลล่า กรุ๊ป | C41: 0 | D41: 0 | E41: 0 | F41: 331.2 | G41: 0 | H41: =+C41+D41+E41+F41+G41 -> 331.2
A42: 40 | B42: รัตนะ (ดี) | C42: 313.5 | D42: 0 | E42: 0 | F42: 0 | G42: 0 | H42: =+C42+D42+E42+F42+G42 -> 313.5
A43: 41 | B43: THAI NISSHIN SEIFUN | C43: 299.4 | D43: 0 | E43: 0 | F43: 0 | G43: 0 | H43: =+C43+D43+E43+F43+G43 -> 299.4
A44: 42 | B44: เอสซีจี เซรามิกส์ | C44: 284 | D44: 0 | E44: 0 | F44: 0 | G44: 0 | H44: =+C44+D44+E44+F44+G44 -> 284
A45: 43 | B45: เคบี ซิสเต้มส์ (ไทยแลนด์) | C45: 0 | D45: 0 | E45: 0 | F45: 260.82 | G45: 0 | H45: =+C45+D45+E45+F45+G45 -> 260.82
A46: 44 | B46: ยูเนี่ยนโชจิรุชิ | C46: 0 | D46: 0 | E46: 0 | F46: 215.4 | G46: 0 | H46: =+C46+D46+E46+F46+G46 -> 215.4
A47: 45 | B47: ยูเนี่ยนสเตนเลสสตีล โปรดักส์ | C47: 0 | D47: 0 | E47: 0 | F47: 124.2 | G47: 0 | H47: =+C47+D47+E47+F47+G47 -> 124.2
A48: 46 | B48: ไอ วูด อินโนเวชั่น | C48: 0 | D48: 0 | E48: 0 | F48: 124.2 | G48: 0 | H48: =+C48+D48+E48+F48+G48 -> 124.2
... A50: 48 | B50: ที เอ็น เอ็ม อินเตอร์เนชั่นแนล | C50: 0 | D50: 0 | E50: 0 | F50: 24.6 | G50: 0 | H50: =+C50+D50+E50+F50+G50 -> 24.6
A51: ผลรวม | C51: =SUM(C3:C50) -> 638737.29 | D51: =SUM(D3:D50) -> 70316.38 | E51: =SUM(E3:E50) -> 7440.08 | F51: =SUM(F3:F50) -> 1536.02 | G51: =SUM(G3:G50) -> 2447 | H51: =SUM(H3:H50) -> 720476.77
C53: =+C51*100/H51 -> 88.654807 | D53: =+D51*100/H51 -> 9.7597012 | E53: =+E51*100/H51 -> 1.0326606 | F53: =+F51*100/H51 -> 0.21319494 | G53: =+G51*100/H51 -> 0.33963621
A59: สรุปยอดขายแยกประเภทสินค้าประจำปี 2568 | L59: สรุปงานพิมพ์ ประจำปี 2568 | V59: สรุป Supplier งานพิมพ์ ประจำปี 2568 | AB59: ถุงคลุม/ชีท ประจำปี 2568
A60: ลำดับที่ | B60: เดือน | C60: ม้วนใส (กก.) | D60: ม้วนพิมพ์ (กก.) | E60: ถุงคลุม/ชีท (กก.) | F60: ฟิล์มยืด(กก,) | G60: ถุงหลอด(กก.) | H60: รวม (กก.) | I60: หมายเหตุ | L60: ลำดับที่ | M60: เดือน | N60: 1สี (กก.) | O60: 2สี (กก.) | P60: 3สี (กก.) | Q60: 4สี (กก.) | R60: 6สี (กก.) | S60: 8สี (กก.) | T60: รวม (กก.) | V60: ลำดับที่ | W60: เดือน | X60: BWP | Y60: ว่องไท | Z60: รวม (กก.) | AB60: ลำดับที่ | AC60: ลูกค้า | AD60: ผลิตเอง (กก.) | AE60: จำนวน( ใบ.) | AF60: จ้างภายนอก (กก.) | AG60: รวม (กก.)
A61: 1 | B61: มกราคม | C61: 438464.53 | D61: 108239.81 | E61: 10409.94 | F61: 1826.78 | G61: 0 | H61: =+C61+D61+E61+F61+G61 -> 558941.06 | L61: 1 | M61: มกราคม | N61: 593.65 | O61: 107609.76 | P61: 0 | Q61: 0 | R61: 0 | S61: 36.4 | T61: =+N61+O61 -> 108203.41 | V61: 1 | W61: มกราคม | X61: 102484.55 | Y61: 5755.26 | Z61: =+X61+Y61 -> 108239.81 | AB61: 1 | AC61: มกราคม | AD61: 10409.942 | AE61: 22800 | AF61: 0 | AG61: =+AD61+AF61 -> 10409.942
A62: 2 | B62: กุมภาพันธ์ | H62: =+C62+D62+E62+F62+G62 -> 0 | L62: 2 | M62: กุมภาพันธ์ | T62: =+N62+O62 -> 0 | V62: 2 | W62: กุมภาพันธ์ | Z62: =+X62+Y62 -> 0 | AB62: 2 | AC62: กุมภาพันธ์ | AD62: 0 | AE62: 0 | AF62: 0 | AG62: =+AD62+AF62 -> 0
A63: 3 | B63: มีนาคม | C63: 521075.59 | D63: 118235.74 | E63: 10580.639 | F63: 3446.84 | G63: 0 | H63: =+C63+D63+E63+F63+G63 -> 653338.81 | L63: 3 | M63: มีนาคม | N63: 1436.5 | O63: 112027.54 | P63: 296.5 | Q63: 0 | R63: 4475.2 | S63: 0 | T63: =+N63+O63 -> 113464.04 | V63: 3 | W63: มีนาคม | X63: 111893.06 | Y63: 6342.68 | Z63: =+X63+Y63 -> 118235.74 | AB63: 3 | AC63: มีนาคม | AD63: 10580.639 | AE63: 42360 | AF63: 0 | AG63: =+AD63+AF63 -> 10580.639
A64: 4 | B64: เมษายน | C64: 638737.29 | D64: 70316.38 | E64: 7440.08 | F64: 1536.02 | G64: 2447 | H64: =+C64+D64+E64+F64+G64 -> 720476.77 | L64: 4 | M64: เมษายน | N64: 762.21 | O64: 57127.32 | P64: 41.71 | Q64: 990.75 | R64: 11394.4 | S64: 0 | T64: =+N64+O64 -> 57889.53 | V64: 4 | W64: เมษายน | X64: 70316.38 | Y64: 0 | Z64: =+X64+Y64 -> 70316.38 | AB64: 4 | AC64: เมษายน | AD64: 7440.08 | AE64: 37500 | AF64: 2447 | AG64: =+AD64+AF64 -> 9887.08
A65: 5 | B65: พฤษภาคม | H65: =+C65+D65+E65+F65+G65 -> 0 | L65: 5 | M65: พฤษภาคม | T65: =+N65+O65 -> 0 | V65: 5 | W65: พฤษภาคม | Z65: =+X65+Y65 -> 0 | AB65: 5 | AC65: พฤษภาคม | AD65: 0 | AE65: 0 | AF65: =AF12 -> 0 | AG65: =+AD65+AF65 -> 0
A66: 6 | B66: มิถุนายน | H66: =+C66+D66+E66+F66+G66 -> 0 | L66: 6 | M66: มิถุนายน | T66: =+N66+O66 -> 0 | V66: 6 | W66: มิถุนายน | Z66: =+X66+Y66 -> 0 | AB66: 6 | AC66: มิถุนายน | AD66: 0 | AE66: 0 | AF66: =AF13 -> 0 | AG66: =+AD66+AF66 -> 0
A67: 7 | B67: กรกฎาคม | H67: =+C67+D67+E67+F67+G67 -> 0 | L67: 7 | M67: กรกฎาคม | T67: =+N67+O67 -> 0 | V67: 7 | W67: กรกฎาคม | Z67: =+X67+Y67 -> 0 | AB67: 7 | AC67: กรกฎาคม | AD67: 0 | AE67: 0 | AF67: =AF14 -> 0 | AG67: =+AD67+AF67 -> 0
A68: 8 | B68: สิงหาคม | H68: =+C68+D68+E68+F68+G68 -> 0 | L68: 8 | M68: สิงหาคม | T68: =+N68+O68 -> 0 | V68: 8 | W68: สิงหาคม | Z68: =+X68+Y68 -> 0 | AB68: 8 | AC68: สิงหาคม | AD68: 0 | AE68: 0 | AF68: =AF15 -> 0 | AG68: =+AD68+AF68 -> 0
A69: 9 | B69: กันยายน | H69: =+C69+D69+E69+F69+G69 -> 0 | L69: 9 | M69: กันยายน | T69: =+N69+O69 -> 0 | V69: 9 | W69: กันยายน | Z69: =+X69+Y69 -> 0 | AB69: 9 | AC69: กันยายน | AD69: 0 | AE69: 0 | AF69: =AF16 -> 0 | AG69: =+AD69+AF69 -> 0
A70: 10 | B70: ตุลาคม | H70: =+C70+D70+E70+F70+G70 -> 0 | L70: 10 | M70: ตุลาคม | T70: =+N70+O70 -> 0 | V70: 10 | W70: ตุลาคม | Z70: =+X70+Y70 -> 0 | AB70: 10 | AC70: ตุลาคม | AD70: 0 | AE70: 0 | AF70: =AF17 -> 0 | AG70: =+AD70+AF70 -> 0
A71: 11 | B71: พฤศจิกายน | H71: =+C71+D71+E71+F71+G71 -> 0 | L71: 11 | M71: พฤศจิกายน | T71: =+N71+O71 -> 0 | V71: 11 | W71: พฤศจิกายน | Z71: =+X71+Y71 -> 0 | AB71: 11 | AC71: พฤศจิกายน | AD71: 0 | AE71: 0 | AF71: =AF18 -> 0 | AG71: =+AD71+AF71 -> 0
A72: 12 | B72: ธันวาคม | H72: =+C72+D72+E72+F72+G72 -> 0 | L72: 12 | M72: ธันวาคม | T72: =+N72+O72 -> 0 | V72: 12 | W72: ธันวาคม | Z72: =+X72+Y72 -> 0 | AB72: 12 | AC72: ธันวาคม | AD72: 0 | AE72: 0 | AF72: =AF19 -> 0 | AG72: =+AD72+AF72 -> 0
A73: ผลรวม | C73: =SUM(C61:C72) -> 1598277.4 | D73: =SUM(D61:D72) -> 296791.93 | E73: =SUM(E61:E72) -> 28430.659 | F73: =SUM(F61:F72) -> 6809.64 | G73: =SUM(G61:G72) -> 2447 | H73: =SUM(H61:H72) -> 1932756.6 | M73: ผลรวม | N73: =SUM(N61:N72) -> 2792.36 | O73: =SUM(O61:O72) -> 276764.62 | P73: =SUM(P61:P72) -> 338.21 | Q73: =SUM(Q61:Q72) -> 990.75 | S73: =SUM(S61:S72) -> 36.4 | T73: =SUM(T61:T72) -> 279556.98 | W73: ผลรวม | X73: =SUM(X61:X72) -> 284693.99 | Y73: =SUM(Y61:Y72) -> 12097.94 | Z73: =SUM(Z61:Z72) -> 296791.93 | AC73: ผลรวม | AD73: =SUM(AD61:AD72) -> 28430.661 | AE73: =SUM(AE61:AE72) -> 102660 | AF73: =SUM(AF61:AF72) -> 2447 | AG73: =SUM(AG61:AG72) -> 30877.661
C75: =+C73*100/H73 -> 82.694188 | D75: =+D73*100/H73 -> 15.355887 | E75: =+E73*100/H73 -> 1.4709901 | F75: =+F73*100/H73 -> 0.35232785 | G75: =+G73*100/H73 -> 0.12660673 | N75: =+N73*100/T73 -> 0.99885183 | O75: =+O73*100/T73 -> 99.001148 | P75: =+P73*100/T73 -> 0.1209807 | Q75: =+Q73*100/T73 -> 0.35440002 | R75: =+R73*100/T73 -> 0 | S75: =+S73*100/T73 -> 0.013020601 | X75: =+X73*100/Z73 -> 95.923764 | Y75: =+Y73*100/Z73 -> 4.0762362
A78: สรุปยอดขายแยกประเภทสินค้าประจำปี 2567 (%) | L78: สรุปงานพิมพ์ ประจำปี 2567 (%) | V78: สรุป Supplier งานพิมพ์ ประจำปี 2567 (%) | AB78: ถุงคลุม/ชีท ประจำปี 2567 (%)
A79: ลำดับที่ | B79: เดือน | C79: ม้วนใส (กก.) | D79: ม้วนพิมพ์ (กก.) | E79: ถุงคลุม/ชีท (กก.) | F79: ฟิล์มยืด(กก,) | G79: ถุงหลอด(กก.) | H79: รวม (กก.) | I79: หมายเหตุ | L79: ลำดับที่ | M79: เดือน | N79: 1สี (กก.) | O79: 2สี (กก.) | P79: 3สี (กก.) | Q79: 4สี (กก.) | S79: 8สี (กก.) | T79: รวม (กก.) | V79: ลำดับที่ | W79: เดือน | X79: BWP | Y79: ว่องไท | Z79: รวม (กก.) | AB79: ลำดับที่ | AC79: ลูกค้า | AD79: ผลิตเอง (กก.) | AE79: จำนวน( ใบ.) | AF79: จ้างภายนอก (กก.) | AG79: รวม (กก.)
A80: 1 | B80: มกราคม | C80: =C61*100/H61 -> 78.445575 | D80: =D61*100/H61 -> 19.365156 | E80: =E61*100/H61 -> 1.8624397 | F80: =F61*100/H61 -> 0.32682874 | G80: =G61*100/H61 -> 0 | H80: =+C80+D80+E80+F80+G80 -> 100 | L80: 1 | M80: มกราคม | N80: =N61*100/T61 -> 0.5486426 | O80: =O61*100/T61 -> 99.451357 | T80: =+N80+O80 -> 100 | V80: 1 | W80: มกราคม | X80: =X61*100/Z61 -> 94.682862 | Y80: =Y61*100/Z61 -> 5.3171379 | Z80: =+X80+Y80 -> 100 | AB80: 1 | AC80: มกราคม | AD80: =AD61*100/AG61 -> 100 | AF80: =AF61*100/AG61 -> 0 | AG80: =+AD80+AF80 -> 100
A81: 2 | B81: กุมภาพันธ์ | C81: =C62*100/H62 -> #DIV/0! | D81: =D62*100/H62 -> #DIV/0! | E81: =E62*100/H62 -> #DIV/0! | F81: =F62*100/H62 -> #DIV/0! | G81: =G62*100/H62 -> #DIV/0! | H81: =+C81+D81+E81+F81+G81 -> #DIV/0! | L81: 2 | M81: กุมภาพันธ์ | N81: =N62*100/T62 -> #DIV/0! | O81: =O62*100/T62 -> #DIV/0! | T81: =+N81+O81+#REF! -> #DIV/0! | V81: 2 | W81: กุมภาพันธ์ | X81: =X62*100/Z62 -> #DIV/0! | Y81: =Y62*100/Z62 -> #DIV/0! | Z81: =+X81+Y81 -> #DIV/0! | AB81: 2 | AC81: กุมภาพันธ์ | AD81: =AD62*100/AG62 -> #DIV/0! | AF81: =AF62*100/AG62 -> #DIV/0! | AG81: =+AD81+AF81 -> #DIV/0!
A82: 3 | B82: มีนาคม | C82: =C63*100/H63 -> 79.755799 | D82: =D63*100/H63 -> 18.097155 | E82: =E63*100/H63 -> 1.619472 | F82: =F63*100/H63 -> 0.52757313 | G82: =G63*100/H63 -> 0 | H82: =+C82+D82+E82+F82+G82 -> 100 | L82: 3 | M82: มีนาคม | N82: =N63*100/T63 -> 1.2660399 | O82: =O63*100/T63 -> 98.73396 | T82: =+N82+O82+#REF! -> #REF! | V82: 3 | W82: มีนาคม | X82: =X63*100/Z63 -> 94.635565 | Y82: =Y63*100/Z63 -> 5.3644355 | Z82: =+X82+Y82 -> 100 | AB82: 3 | AC82: มีนาคม | AD82: =AD63*100/AG63 -> 100 | AF82: =AF63*100/AG63 -> 0 | AG82: =+AD82+AF82 -> 100
A83: 4 | B83: เมษายน | C83: =C64*100/H64 -> 88.654807 | D83: =D64*100/H64 -> 9.7597012 | E83: =E64*100/H64 -> 1.0326606 | F83: =F64*100/H64 -> 0.21319494 | G83: =G64*100/H64 -> 0.33963621 | H83: =+C83+D83+E83+F83+G83 -> 100 | L83: 4 | M83: เมษายน | N83: =N64*100/T64 -> 1.316663 | O83: =O64*100/T64 -> 98.683337 | T83: =+N83+O83+#REF! -> #REF! | V83: 4 | W83: เมษายน | X83: =X64*100/Z64 -> 100 | Y83: =Y64*100/Z64 -> 0 | Z83: =+X83+Y83 -> 100 | AB83: 4 | AC83: เมษายน | AD83: =AD64*100/AG64 -> 75.250529 | AF83: =AF64*100/AG64 -> 24.749471 | AG83: =+AD83+AF83 -> 100
A84: 5 | B84: พฤษภาคม | C84: =C65*100/H65 -> #DIV/0! | D84: =D65*100/H65 -> #DIV/0! | E84: =E65*100/H65 -> #DIV/0! | F84: =F65*100/H65 -> #DIV/0! | G84: =G65*100/H65 -> #DIV/0! | H84: =+C84+D84+E84+F84+G84 -> #DIV/0! | L84: 5 | M84: พฤษภาคม | N84: =N65*100/T65 -> #DIV/0! | O84: =O65*100/T65 -> #DIV/0! | T84: =+N84+O84+#REF! -> #DIV/0! | V84: 5 | W84: พฤษภาคม | X84: =X65*100/Z65 -> #DIV/0! | Y84: =Y65*100/Z65 -> #DIV/0! | Z84: =+X84+Y84 -> #DIV/0! | AB84: 5 | AC84: พฤษภาคม | AD84: =AD65*100/AG65 -> #DIV/0! | AF84: =AF65*100/AG65 -> #DIV/0! | AG84: =+AD84+AF84 -> #DIV/0!
A85: 6 | B85: มิถุนายน | C85: =C66*100/H66 -> #DIV/0! | D85: =D66*100/H66 -> #DIV/0! | E85: =E66*100/H66 -> #DIV/0! | F85: =F66*100/H66 -> #DIV/0! | G85: =G66*100/H66 -> #DIV/0! | H85: =+C85+D85+E85+F85+G85 -> #DIV/0! | L85: 6 | M85: มิถุนายน | N85: =N66*100/T66 -> #DIV/0! | O85: =O66*100/T66 -> #DIV/0! | T85: =+N85+O85+#REF! -> #DIV/0! | V85: 6 | W85: มิถุนายน | X85: =X66*100/Z66 -> #DIV/0! | Y85: =Y66*100/Z66 -> #DIV/0! | Z85: =+X85+Y85 -> #DIV/0! | AB85: 6 | AC85: มิถุนายน | AD85: =AD66*100/AG66 -> #DIV/0! | AF85: =AF66*100/AG66 -> #DIV/0! | AG85: =+AD85+AF85 -> #DIV/0!
A86: 7 | B86: กรกฎาคม | C86: =C67*100/H67 -> #DIV/0! | D86: =D67*100/H67 -> #DIV/0! | E86: =E67*100/H67 -> #DIV/0! | F86: =F67*100/H67 -> #DIV/0! | G86: =G67*100/H67 -> #DIV/0! | H86: =+C86+D86+E86+F86+G86 -> #DIV/0! | L86: 7 | M86: กรกฎาคม | N86: =N67*100/T67 -> #DIV/0! | O86: =O67*100/T67 -> #DIV/0! | T86: =+N86+O86+#REF! -> #DIV/0! | V86: 7 | W86: กรกฎาคม | X86: =X67*100/Z67 -> #DIV/0! | Y86: =Y67*100/Z67 -> #DIV/0! | Z86: =+X86+Y86 -> #DIV/0! | AB86: 7 | AC86: กรกฎาคม | AD86: =AD67*100/AG67 -> #DIV/0! | AF86: =AF67*100/AG67 -> #DIV/0! | AG86: =+AD86+AF86 -> #DIV/0!
A87: 8 | B87: สิงหาคม | C87: =C68*100/H68 -> #DIV/0! | D87: =D68*100/H68 -> #DIV/0! | E87: =E68*100/H68 -> #DIV/0! | F87: =F68*100/H68 -> #DIV/0! | G87: =G68*100/H68 -> #DIV/0! | H87: =+C87+D87+E87+F87+G87 -> #DIV/0! | L87: 8 | M87: สิงหาคม | N87: =N68*100/T68 -> #DIV/0! | O87: =O68*100/T68 -> #DIV/0! | T87: =+N87+O87+#REF! -> #DIV/0! | V87: 8 | W87: สิงหาคม | X87: =X68*100/Z68 -> #DIV/0! | Y87: =Y68*100/Z68 -> #DIV/0! | Z87: =+X87+Y87 -> #DIV/0! | AB87: 8 | AC87: สิงหาคม | AD87: =AD68*100/AG68 -> #DIV/0! | AF87: =AF68*100/AG68 -> #DIV/0! | AG87: =+AD87+AF87 -> #DIV/0!
A88: 9 | B88: กันยายน | C88: =C69*100/H69 -> #DIV/0! | D88: =D69*100/H69 -> #DIV/0! | E88: =E69*100/H69 -> #DIV/0! | F88: =F69*100/H69 -> #DIV/0! | G88: =G69*100/H69 -> #DIV/0! | H88: =+C88+D88+E88+F88+G88 -> #DIV/0! | L88: 9 | M88: กันยายน | N88: =N69*100/T69 -> #DIV/0! | O88: =O69*100/T69 -> #DIV/0! | T88: =+N88+O88+#REF! -> #DIV/0! | V88: 9 | W88: กันยายน | X88: =X69*100/Z69 -> #DIV/0! | Y88: =Y69*100/Z69 -> #DIV/0! | Z88: =+X88+Y88 -> #DIV/0! | AB88: 9 | AC88: กันยายน | AD88: =AD69*100/AG69 -> #DIV/0! | AF88: =AF69*100/AG69 -> #DIV/0! | AG88: =+AD88+AF88 -> #DIV/0!
A89: 10 | B89: ตุลาคม | C89: =C70*100/H70 -> #DIV/0! | D89: =D70*100/H70 -> #DIV/0! | E89: =E70*100/H70 -> #DIV/0! | F89: =F70*100/H70 -> #DIV/0! | G89: =G70*100/H70 -> #DIV/0! | H89: =+C89+D89+E89+F89+G89 -> #DIV/0! | L89: 10 | M89: ตุลาคม | N89: =N70*100/T70 -> #DIV/0! | O89: =O70*100/T70 -> #DIV/0! | P89: =P70*100/T70 -> #DIV/0! | Q89: =Q70*100/T70 -> #DIV/0! | S89: =S70*100/T70 -> #DIV/0! | T89: =N89+O89+P89+Q89+S89+#REF! -> #DIV/0! | V89: 10 | W89: ผลรวม | X89: =X70*100/Z70 -> #DIV/0! | Y89: =Y70*100/Z70 -> #DIV/0! | Z89: =+X89+Y89 -> #DIV/0! | AB89: 10 | AC89: ตุลาคม | AD89: =AD70*100/AG70 -> #DIV/0! | AF89: =AF70*100/AG70 -> #DIV/0! | AG89: =+AD89+AF89 -> #DIV/0!
A90: 11 | B90: พฤศจิกายน | C90: =C71*100/H71 -> #DIV/0! | D90: =D71*100/H71 -> #DIV/0! | E90: =E71*100/H71 -> #DIV/0! | F90: =F71*100/H71 -> #DIV/0! | G90: =G71*100/H71 -> #DIV/0! | H90: =+C90+D90+E90+F90+G90 -> #DIV/0! | L90: 11 | M90: พฤศจิกายน | N90: =N71*100/T71 -> #DIV/0! | O90: =O71*100/T71 -> #DIV/0! | P90: =P71*100/T71 -> #DIV/0! | Q90: =Q71*100/T71 -> #DIV/0! | S90: =S71*100/T71 -> #DIV/0! | T90: =N90+O90+P90+Q90+S90+#REF! -> #DIV/0! | V90: 11 | W90: พฤศจิกายน | X90: =X71*100/Z71 -> #DIV/0! | Y90: =Y71*100/Z71 -> #DIV/0! | Z90: =+X90+Y90 -> #DIV/0! | AB90: 11 | AC90: พฤศจิกายน | AD90: =AD71*100/AG71 -> #DIV/0! | AF90: =AF71*100/AG71 -> #DIV/0! | AG90: =+AD90+AF90 -> #DIV/0!
A91: 12 | B91: ธันวาคม | C91: =C72*100/H72 -> #DIV/0! | D91: =D72*100/H72 -> #DIV/0! | E91: =E72*100/H72 -> #DIV/0! | F91: =F72*100/H72 -> #DIV/0! | G91: =G72*100/H72 -> #DIV/0! | H91: =+C91+D91+E91+F91+G91 -> #DIV/0! | L91: 12 | M91: ธันวาคม | N91: =N72*100/T72 -> #DIV/0! | O91: =O72*100/T72 -> #DIV/0! | T91: =N91+O91+P91+Q91+S91+#REF! -> #DIV/0! | V91: 12 | W91: ธันวาคม | X91: =X72*100/Z72 -> #DIV/0! | Y91: =Y72*100/Z72 -> #DIV/0! | Z91: =+X91+Y91 -> #DIV/0! | AB91: 12 | AC91: ธันวาคม | AD91: =AD72*100/AG72 -> #DIV/0! | AF91: =AF72*100/AG72 -> #DIV/0! | AG91: =+AD91+AF91 -> #DIV/0!
A92: ผลรวม | C92: =SUM(C80:C91) -> #DIV/0! | D92: =SUM(D80:D91) -> #DIV/0! | E92: =SUM(E80:E91) -> #DIV/0! | F92: =SUM(F80:F91) -> #DIV/0! | G92: =SUM(G80:G91) -> #DIV/0! | H92: =SUM(H80:H91) -> #DIV/0! | M92: ผลรวม | N92: =SUM(N80:N91) -> #DIV/0! | O92: =SUM(O80:O91) -> #DIV/0! | T92: =SUM(T80:T91) -> #DIV/0! | W92: ผลรวม | X92: =SUM(X80:X91) -> #DIV/0! | Y92: =SUM(Y80:Y91) -> #DIV/0! | Z92: =SUM(Z80:Z91) -> #DIV/0! | AC92: ผลรวม | AD92: =SUM(AD80:AD91) -> #DIV/0! | AE92: =SUM(AE80:AE91) -> 0 | AF92: =SUM(AF80:AF91) -> #DIV/0! | AG92: =SUM(AG80:AG91) -> #DIV/0!

Sheet พฤษภาคม
A1: รายการขายสินค้า BWP เป็นผู้ผลิต
A2: บจก.ที.ซี.ฟาร์มาซูติคอล อุตสาหกรรม
A3: วันที่ | B3: ขนาด | C3: จำนวน(กก.) | D3: ราคา | E3: มูลค่าก่อน VAT | F3: VAT | G3: มูลค่ารวม VAT
A4: 12/05/69 | B4: 28 cm. x 45 mc. | C4: 989.05 | D4: 82.5 | E4: =+C4*D4 -> 81596.625 | F4: =+E4*7% -> 5711.7638 | G4: =+E4+F4 -> 87308.389 | I4: 6905147
A5: 07/05/69 | B5: 31 cm. x 45 mc.(PCR30%) | C5: 2996.3 | D5: 82.5 | E5: =+C5*D5 -> 247194.75 | F5: =+E5*7% -> 17303.633 | G5: =+E5+F5 -> 264498.38 | I5: 6905076
A6: 08/05/69 | B6: 31 cm. x 45 mc.(PCR30%) | C6: 2990.7 | D6: 82.5 | E6: =+C6*D6 -> 246732.75 | F6: =+E6*7% -> 17271.292 | G6: =+E6+F6 -> 264004.04 | I6: 6905097
A7: 09/05/69 | B7: 31 cm. x 45 mc.(PCR30%) | C7: 2797.5 | D7: 82.5 | E7: =+C7*D7 -> 230793.75 | F7: =+E7*7% -> 16155.563 | G7: =+E7+F7 -> 246949.31 | I7: 6905118
A8: 12/05/69 | B8: 31 cm. x 45 mc.(PCR30%) | C8: 2995.6 | D8: 82.5 | E8: =+C8*D8 -> 247137 | F8: =+E8*7% -> 17299.59 | G8: =+E8+F8 -> 264436.59 | I8: 6905148
A9: 13/05/69 | B9: 31 cm. x 45 mc.(PCR30%) | C9: 2995.6 | D9: 82.5 | E9: =+C9*D9 -> 247137 | F9: =+E9*7% -> 17299.59 | G9: =+E9+F9 -> 264436.59 | I9: 6905163
A10: 14/05/69 | B10: 31 cm. x 45 mc.(PCR30%) | C10: 2988.85 | D10: 82.5 | E10: =+C10*D10 -> 246580.12 | F10: =+E10*7% -> 17260.609 | G10: =+E10+F10 -> 263840.73 | I10: 6905173
A11: 16/05/69 | B11: 31 cm. x 45 mc.(PCR30%) | C11: 2976.65 | D11: 82.5 | E11: =+C11*D11 -> 245573.62 | F11: =+E11*7% -> 17190.154 | G11: =+E11+F11 -> 262763.78 | I11: 6905195
A12: 19/05/69 | B12: 31 cm. x 45 mc.(PCR30%) | C12: 2993.05 | D12: 82.5 | E12: =+C12*D12 -> 246926.63 | F12: =+E12*7% -> 17284.864 | G12: =+E12+F12 -> 264211.49 | I12: 6905222
A13: 21/05/69 | B13: 31 cm. x 45 mc.(PCR30%) | C13: 2993.6 | D13: 82.5 | E13: =+C13*D13 -> 246972 | F13: =+E13*7% -> 17288.04 | G13: =+E13+F13 -> 264260.04 | I13: 6905247
A14: 23/05/69 | B14: 31 cm. x 45 mc.(PCR30%) | C14: 2992.45 | D14: 82.5 | E14: =+C14*D14 -> 246877.12 | F14: =+E14*7% -> 17281.399 | G14: =+E14+F14 -> 264158.52 | I14: 6905273
A15: 26/05/69 | B15: 31 cm. x 45 mc.(PCR30%) | C15: 2985.25 | D15: 82.5 | E15: =+C15*D15 -> 246283.12 | F15: =+E15*7% -> 17239.819 | G15: =+E15+F15 -> 263522.94 | I15: 6905293
... A48: 30/05/69 | B48: 54 cm. x 45 mc. | C48: 4777.7 | D48: 82.5 | E48: =+C48*D48 -> 394160.25 | F48: =+E48*7% -> 27591.218 | G48: =+E48+F48 -> 421751.47 | I48: 6905351
A49: 19/05/69 | B49: 54cm x 45mc RB Classic 250ml.MY 2C | C49: 1986.96 | D49: 130 | E49: =+C49*D49 -> 258304.8 | F49: =+E49*7% -> 18081.336 | G49: =+E49+F49 -> 276386.14 | H49: BWP | I49: 6905223
A50: 25/05/69 | B50: 58cm x 45mc RB Classic 325ml.Lay 3 | C50: 989.65 | D50: 130 | E50: =+C50*D50 -> 128654.5 | F50: =+E50*7% -> 9005.815 | G50: =+E50+F50 -> 137660.32 | H50: BWP | I50: 63905278
B51: รวม | C51: =SUM(C4:C50) -> 162967.37 | E51: =SUM(E4:E50) -> 13586197 | F51: =SUM(F4:F50) -> 951033.79 | G51: =SUM(G4:G50) -> 14537231
A53: บจก.ไทยน้ำทิพย์ (คลอง13)
A54: วันที่ | B54: ขนาด | C54: จำนวน(กก.) | D54: ราคา | E54: มูลค่าก่อน VAT | F54: VAT | G54: มูลค่ารวม VAT
A55: 12/05/69 | B55: 36cm. x 50mc. | C55: 254.85 | D55: 85 | E55: =+C55*D55 -> 21662.25 | F55: =+E55*7% -> 1516.3575 | G55: =+E55+F55 -> 23178.607 | I55: 6905158
A56: 13/05/69 | B56: 36cm. x 50mc. | C56: 518.15 | D56: 85 | E56: =+C56*D56 -> 44042.75 | F56: =+E56*7% -> 3082.9925 | G56: =+E56+F56 -> 47125.743 | I56: 6905170
A57: 09/05/69 | B57: 38cm. x 55mc. | C57: 2003.45 | D57: 85 | E57: =+C57*D57 -> 170293.25 | F57: =+E57*7% -> 11920.528 | G57: =+E57+F57 -> 182213.78 | I57: 6905117
A58: 06/05/69 | B58: 50 cm. x 70mc. | C58: 2541.65 | D58: 85 | E58: =+C58*D58 -> 216040.25 | F58: =+E58*7% -> 15122.818 | G58: =+E58+F58 -> 231163.07 | I58: 6905057
A59: 09/05/69 | B59: 50 cm. x 75mc. | C59: 3121.35 | D59: 85 | E59: =+C59*D59 -> 265314.75 | F59: =+E59*7% -> 18572.033 | G59: =+E59+F59 -> 283886.78 | I59: 6905116
A60: 12/05/69 | B60: 50 cm. x 75mc. | C60: 1373.45 | D60: 85 | E60: =+C60*D60 -> 116743.25 | F60: =+E60*7% -> 8172.0275 | G60: =+E60+F60 -> 124915.28 | I60: 6905157
A61: 13/05/69 | B61: 50 cm. x 75mc. | C61: 395.35 | D61: 85 | E61: =+C61*D61 -> 33604.75 | F61: =+E61*7% -> 2352.3325 | G61: =+E61+F61 -> 35957.083 | I61: 6905169
A62: 26/05/69 | B62: 50 cm. x 75mc. | C62: 2511.6 | D62: 85 | E62: =+C62*D62 -> 213486 | F62: =+E62*7% -> 14944.02 | G62: =+E62+F62 -> 228430.02 | I62: 6905294
A63: 07/05/69 | B63: 50 cm. x 75mc.(สีแดง) | C63: 1890.7 | D63: 100 | E63: =+C63*D63 -> 189070 | F63: =+E63*7% -> 13234.9 | G63: =+E63+F63 -> 202304.9 | I63: 6905086
A64: 19/05/69 | B64: 50 cm. x 80mc. | C64: 4852.85 | D64: 85 | E64: =+C64*D64 -> 412492.25 | F64: =+E64*7% -> 28874.458 | G64: =+E64+F64 -> 441366.71 | I64: 6905220
A65: 23/05/69 | B65: 50 cm. x 80mc. | C65: 4754.85 | D65: 85 | E65: =+C65*D65 -> 404162.25 | F65: =+E65*7% -> 28291.358 | G65: =+E65+F65 -> 432453.61 | I65: 6905270
A66: 07/05/69 | B66: 50cm. x 80mc. (สีแดง) | C66: 6025.45 | D66: 100 | E66: =+C66*D66 -> 602545 | F66: =+E66*7% -> 42178.15 | G66: =+E66+F66 -> 644723.15 | I66: 6905073
... A91: 12/05/69 | B91: 84 cm. X 55 mc. | C91: 2364.5 | D91: 85 | E91: =+C91*D91 -> 200982.5 | F91: =+E91*7% -> 14068.775 | G91: =+E91+F91 -> 215051.27 | I91: 6905156
B92: รวม | C92: =SUM(C55:C91) -> 106143.94 | E92: =SUM(E55:E91) -> 9555287.7 | F92: =SUM(F55:F91) -> 668870.14 | G92: =SUM(G55:G91) -> 10224158
A94: บจก.ไทยน้ำทิพย์ (โคราช)
A95: วันที่ | B95: ขนาด | C95: จำนวน(กก.) | D95: ราคา | E95: มูลค่าก่อน VAT | F95: VAT | G95: มูลค่ารวม VAT
A96: 07/05/69 | B96: 50cm. x 75mc. | C96: 2773.05 | D96: 85 | E96: =+C96*D96 -> 235709.25 | F96: =+E96*7% -> 16499.648 | G96: =+E96+F96 -> 252208.9 | I96: 6905074
A97: 05/05/69 | B97: 50cm. x 80mc. | C97: 3067.5 | D97: 85 | E97: =+C97*D97 -> 260737.5 | F97: =+E97*7% -> 18251.625 | G97: =+E97+F97 -> 278989.12 | I97: 6905025
A98: 19/05/69 | B98: 50cm. x 80mc. | C98: 2832.25 | D98: 85 | E98: =+C98*D98 -> 240741.25 | F98: =+E98*7% -> 16851.888 | G98: =+E98+F98 -> 257593.14 | I98: 6905232
A99: 27/05/69 | B99: 50cm. x 80mc. | C99: 3023.45 | D99: 85 | E99: =+C99*D99 -> 256993.25 | F99: =+E99*7% -> 17989.528 | G99: =+E99+F99 -> 274982.78 | I99: 6905310
A100: 11/05/69 | B100: 52cm. x 80mc. | C100: 2862.85 | D100: 85 | E100: =+C100*D100 -> 243342.25 | F100: =+E100*7% -> 17033.958 | G100: =+E100+F100 -> 260376.21 | I100: 6905138
A101: 18/05/69 | B101: 52cm. x 80mc. | C101: 2573.15 | D101: 85 | E101: =+C101*D101 -> 218717.75 | F101: =+E101*7% -> 15310.243 | G101: =+E101+F101 -> 234027.99 | I101: 6905201
A102: 27/05/69 | B102: 52cm. x 80mc. | C102: 2993.8 | D102: 85 | E102: =+C102*D102 -> 254473 | F102: =+E102*7% -> 17813.11 | G102: =+E102+F102 -> 272286.11 | I102: 6905309
A103: 05/05/69 | B103: 76 cm. X 55 mc. | C103: 3042.95 | D103: 85 | E103: =+C103*D103 -> 258650.75 | F103: =+E103*7% -> 18105.552 | G103: =+E103+F103 -> 276756.3 | I103: 6905026
A104: 11/05/69 | B104: 76 cm. X 55 mc. | C104: 4038.35 | D104: 85 | E104: =+C104*D104 -> 343259.75 | F104: =+E104*7% -> 24028.183 | G104: =+E104+F104 -> 367287.93 | I104: 6905123
A105: 18/05/69 | B105: 76 cm. X 55 mc. | C105: 2023.7 | D105: 85 | E105: =+C105*D105 -> 172014.5 | F105: =+E105*7% -> 12041.015 | G105: =+E105+F105 -> 184055.52 | I105: 6905200
A106: 19/05/69 | B106: 76 cm. X 55 mc. | C106: 2264.15 | D106: 85 | E106: =+C106*D106 -> 192452.75 | F106: =+E106*7% -> 13471.693 | G106: =+E106+F106 -> 205924.44 | I106: 6905231
A107: 25/05/69 | B107: 76 cm. X 55 mc. | C107: 6711.35 | D107: 85 | E107: =+C107*D107 -> 570464.75 | F107: =+E107*7% -> 39932.533 | G107: =+E107+F107 -> 610397.28 | I107: 6905274
B108: รวม | C108: =SUM(C96:C107) -> 38206.55 | E108: =SUM(E96:E107) -> 3247556.8 | F108: =SUM(F96:F107) -> 227328.97 | G108: =SUM(G96:G107) -> 3474885.7
A110: บจก.ไทยน้ำทิพย์ (ปทุมธานี)
A111: วันที่ | B111: ขนาด | C111: จำนวน(กก.) | D111: ราคา | E111: มูลค่าก่อน VAT | F111: VAT | G111: มูลค่ารวม VAT
A112: 14/05/69 | B112: 44 cm. x 45mc. | C112: 2413.2 | D112: 85 | E112: =+C112*D112 -> 205122 | F112: =+E112*7% -> 14358.54 | G112: =+E112+F112 -> 219480.54 | I112: 6905177
A113: 02/05/69 | B113: 50 cm. x 75mc. | C113: 4965.95 | D113: 85 | E113: =+C113*D113 -> 422105.75 | F113: =+E113*7% -> 29547.403 | G113: =+E113+F113 -> 451653.15 | I113: 6905001
A114: 11/05/69 | B114: 50 cm. x 75mc. | C114: 2713.6 | D114: 85 | E114: =+C114*D114 -> 230656 | F114: =+E114*7% -> 16145.92 | G114: =+E114+F114 -> 246801.92 | I114: 6905145
A115: 18/05/69 | B115: 50 cm. x 75mc. | C115: 2338.15 | D115: 85 | E115: =+C115*D115 -> 198742.75 | F115: =+E115*7% -> 13911.993 | G115: =+E115+F115 -> 212654.74 | I115: 6905203
A116: 22/05/69 | B116: 50 cm. x 75mc. | C116: 3042.9 | D116: 85 | E116: =+C116*D116 -> 258646.5 | F116: =+E116*7% -> 18105.255 | G116: =+E116+F116 -> 276751.76 | I116: 6905267
A117: 25/05/69 | B117: 50 cm. x 75mc. | C117: 4393.5 | D117: 85 | E117: =+C117*D117 -> 373447.5 | F117: =+E117*7% -> 26141.325 | G117: =+E117+F117 -> 399588.83 | I117: 6905275
A118: 29/05/69 | B118: 50 cm. x 75mc. | C118: 3022.7 | D118: 85 | E118: =+C118*D118 -> 256929.5 | F118: =+E118*7% -> 17985.065 | G118: =+E118+F118 -> 274914.56 | I118: 6905347
A119: 20/05/69 | B119: 50 cm. x 75mc. (สีเหลือง) | C119: 2465.4 | D119: 100 | E119: =+C119*D119 -> 246540 | F119: =+E119*7% -> 17257.8 | G119: =+E119+F119 -> 263797.8 | I119: 6905245
A120: 12/05/69 | B120: 53 cm. x 70mc. | C120: 1307.45 | D120: 85 | E120: =+C120*D120 -> 111133.25 | F120: =+E120*7% -> 7779.3275 | G120: =+E120+F120 -> 118912.58 | I120: 6905155
A121: 14/05/69 | B121: 53 cm. x 70mc. | C121: 3745 | D121: 85 | E121: =+C121*D121 -> 318325 | F121: =+E121*7% -> 22282.75 | G121: =+E121+F121 -> 340607.75 | I121: 6905178
A122: 25/05/69 | B122: 53 cm. x 70mc. | C122: 6693.6 | D122: 85 | E122: =+C122*D122 -> 568956 | F122: =+E122*7% -> 39826.92 | G122: =+E122+F122 -> 608782.92 | I122: 6905276
A123: 29/05/69 | B123: 53 cm. x 70mc. | C123: 305.55 | D123: 85 | E123: =+C123*D123 -> 25971.75 | F123: =+E123*7% -> 1818.0225 | G123: =+E123+F123 -> 27789.772 | I123: 6905346
B124: รวม | C124: =SUM(C112:C123) -> 37407 | E124: =SUM(E112:E123) -> 3216576 | F124: =SUM(F112:F123) -> 225160.32 | G124: =SUM(G112:G123) -> 3441736.3
A126: Lao Coca-Cola Bottling Co.,Ltd
A127: วันที่ | B127: ขนาด | C127: จำนวน(กก.) | D127: ราคา | E127: มูลค่าก่อน VAT | F127: VAT | G127: มูลค่ารวม VAT
A128: 27/05/69 | B128: 59 cm. X 75 mc. | C128: 5976.1 | D128: 63.12 | E128: =+C128*D128 -> 377211.43 | G128: =+E128+F128 -> 377211.43 | I128: 20260501
B129: รวม | C129: =SUM(C128:C128) -> 5976.1 | E129: =SUM(E128:E128) -> 377211.43 | F129: =SUM(F128:F128) -> 0 | G129: =SUM(G128:G128) -> 377211.43
A131: บมจ.หาดทิพย์
A132: วันที่ | B132: ขนาด | C132: จำนวน(กก.) | D132: ราคา | E132: มูลค่าก่อน VAT | F132: VAT | G132: มูลค่ารวม VAT
A133: 06/05/69 | B133: 34 cm. X 50 mc. | C133: 116.95 | D133: 84 | E133: =+C133*D133 -> 9823.8 | F133: =+E133*7% -> 687.666 | G133: =+E133+F133 -> 10511.466 | I133: 6905072
A134: 07/05/69 | B134: 34 cm. X 50 mc. | C134: 2641.8 | D134: 84 | E134: =+C134*D134 -> 221911.2 | F134: =+E134*7% -> 15533.784 | G134: =+E134+F134 -> 237444.98 | I134: 6905088
A135: 06/05/69 | B135: 38 cm. X 55 mc.สูตร 1 | C135: 2989.85 | D135: 84 | E135: =+C135*D135 -> 251147.4 | F135: =+E135*7% -> 17580.318 | G135: =+E135+F135 -> 268727.72 | I135: 6905059
A136: 17/05/69 | B136: 38 cm. X 55 mc.สูตร 1 | C136: 444.5 | D136: 84 | E136: =+C136*D136 -> 37338 | F136: =+E136*7% -> 2613.66 | G136: =+E136+F136 -> 39951.66 | I136: 6905198
A137: 18/05/69 | B137: 38 cm. X 55 mc.สูตร 1 | C137: 2691.35 | D137: 84 | E137: =+C137*D137 -> 226073.4 | F137: =+E137*7% -> 15825.138 | G137: =+E137+F137 -> 241898.54 | I137: 6905219
A138: 21/05/69 | B138: 38 cm. X 55 mc.สูตร 1 | C138: 2900.55 | D138: 84 | E138: =+C138*D138 -> 243646.2 | F138: =+E138*7% -> 17055.234 | G138: =+E138+F138 -> 260701.43 | I138: 6905255
A139: 27/05/69 | B139: 38 cm. X 55 mc.สูตร 1 | C139: 3051.5 | D139: 84 | E139: =+C139*D139 -> 256326 | F139: =+E139*7% -> 17942.82 | G139: =+E139+F139 -> 274268.82 | I139: 6905319
A140: 29/05/69 | B140: 38 cm. X 55 mc.สูตร 1 | C140: 5855.15 | D140: 84 | E140: =+C140*D140 -> 491832.6 | F140: =+E140*7% -> 34428.282 | G140: =+E140+F140 -> 526260.88 | I140: 6905349
A141: 05/05/69 | B141: 50 cm. X 65 mc. | C141: 5185.3 | D141: 84 | E141: =+C141*D141 -> 435565.2 | F141: =+E141*7% -> 30489.564 | G141: =+E141+F141 -> 466054.76 | I141: 6905042
A142: 06/05/69 | B142: 50 cm. X 65 mc. | C142: 813.6 | D142: 84 | E142: =+C142*D142 -> 68342.4 | F142: =+E142*7% -> 4783.968 | G142: =+E142+F142 -> 73126.368 | I142: 6905059
A143: 10/05/69 | B143: 50 cm. X 65 mc. | C143: 6645.1 | D143: 84 | E143: =+C143*D143 -> 558188.4 | F143: =+E143*7% -> 39073.188 | G143: =+E143+F143 -> 597261.59 | I143: 6905122
A144: 17/05/69 | B144: 50 cm. X 65 mc. | C144: 1478.15 | D144: 84 | E144: =+C144*D144 -> 124164.6 | F144: =+E144*7% -> 8691.522 | G144: =+E144+F144 -> 132856.12 | I144: 6905198
... A153: 17/05/69 | B153: 56 cm. X 65 mc. | C153: 2996.3 | D153: 84 | E153: =+C153*D153 -> 251689.2 | F153: =+E153*7% -> 17618.244 | G153: =+E153+F153 -> 269307.44 | I153: 6905198
B154: รวม | C154: =SUM(C133:C153) -> 50830.61 | E154: =SUM(E133:E153) -> 4260792.8 | F154: =SUM(F133:F153) -> 298255.5 | G154: =SUM(G133:G153) -> 4559048.3
A156: บมจ.กรีนสปอต
A157: วันที่ | B157: ขนาด | C157: จำนวน(กก.) | D157: ราคา | E157: มูลค่าก่อน VAT | F157: VAT | G157: มูลค่ารวม VAT
A158: 15/05/69 | B158: PE180บน UHT 200mm x 40mic Mix P3 (PCR30%) | C158: 986.7 | D158: 84 | E158: =+C158*D158 -> 82882.8 | F158: =+E158*7% -> 5801.796 | G158: =+E158+F158 -> 88684.596 | I158: 6905187
A159: 07/05/69 | B159: PE250บน UHT 215mm x 40mic Mix P3,6,12 (PCR30%) | C159: 789.97 | D159: 84 | E159: =+C159*D159 -> 66357.48 | F159: =+E159*7% -> 4645.0236 | G159: =+E159+F159 -> 71002.504 | I159: 6905080
A160: 26/05/69 | B160: PE250บน UHT 215mm x 40mic Mix P3,6,12(PCR30%) | C160: 994.73 | D160: 84 | E160: =+C160*D160 -> 83557.32 | F160: =+E160*7% -> 5849.0124 | G160: =+E160+F160 -> 89406.332 | I160: 6905305
A161: 22/05/69 | B161: PE200บน UHT 240mm x 40mic Mix P4 (PCR30%) | C161: 994.57 | D161: 84 | E161: =+C161*D161 -> 83543.88 | F161: =+E161*7% -> 5848.0716 | G161: =+E161+F161 -> 89391.952 | I161: 6905263
A162: 08/05/69 | B162: PEบน TG 380mm x 45mic Mix P12(PCR30%) | C162: 1164.1 | D162: 84 | E162: =+C162*D162 -> 97784.4 | F162: =+E162*7% -> 6844.908 | G162: =+E162+F162 -> 104629.31 | I162: 6905098
A163: 11/05/69 | B163: PE180- UHT Sesame 200mm x 40mic SSM1T P3 | C163: 93.5 | D163: 139 | E163: =+C163*D163 -> 12996.5 | F163: =+E163*7% -> 909.755 | G163: =+E163+F163 -> 13906.255 | H163: BWP | I163: 6905135
A164: 28/05/69 | B164: PE180- UHT VitaP+A 200mm x 40mic PGA1T P4 | C164: 187.65 | D164: 154 | E164: =+C164*D164 -> 28898.1 | F164: =+E164*7% -> 2022.867 | G164: =+E164+F164 -> 30920.967 | H164: BWP | I164: 6905336
A165: 28/05/69 | B165: PE180- UHT VitaP+B 200mm x 40mic PGB1T P4 | C165: 184.85 | D165: 154 | E165: =+C165*D165 -> 28466.9 | F165: =+E165*7% -> 1992.683 | G165: =+E165+F165 -> 30459.583 | H165: BWP | I165: 6905336
A166: 22/05/69 | B166: PE250 - UHTLow S 215mm x 40mic VLS2T P6 | C166: 92 | D166: 139 | E166: =+C166*D166 -> 12788 | F166: =+E166*7% -> 895.16 | G166: =+E166+F166 -> 13683.16 | H166: BWP | I166: 6905262
A167: 22/05/69 | B167: PE250 - UHT Jae 215mm x 40mic VJA2T P6 | C167: 45.1 | D167: 139 | E167: =+C167*D167 -> 6268.9 | F167: =+E167*7% -> 438.823 | G167: =+E167+F167 -> 6707.723 | H167: BWP | I167: 6905262
A168: 11/05/69 | B168: PE230 - UHTNo S 215mm x 40mic SUN2T P6 | C168: 98.35 | D168: 139 | E168: =+C168*D168 -> 13670.65 | F168: =+E168*7% -> 956.9455 | G168: =+E168+F168 -> 14627.595 | H168: BWP | I168: 6905139
A169: 26/05/69 | B169: PE230- UHT Hi-Malt 215mm x 40mic SHM2T P3 | C169: 93.7 | D169: 164 | E169: =+C169*D169 -> 15366.8 | F169: =+E169*7% -> 1075.676 | G169: =+E169+F169 -> 16442.476 | H169: BWP | I169: 6905307
A170: 26/05/69 | B170: PE230- UHT Hi-Malt 215mm x 40mic SHM2T P3 | C170: 100.65 | D170: 164 | E170: =+C170*D170 -> 16506.6 | F170: =+E170*7% -> 1155.462 | G170: =+E170+F170 -> 17662.062 | H170: BWP | I170: 6905306
...

Sheet ยอดขายรวม พค.
A1: รายการขายสินค้าประจำเดือน พฤษภาคม 2569 | L1: งานพิมพ์ประจำเดือน พฤษภาคม 2569 | V1: Supplier งานพิมพ์ประจำเดือน พฤษภาคม 2569 | AB1: ถุงคลุม/ชีท ประจำเดือน พฤษภาคม 2569
A2: ลำดับที่ | B2: ลูกค้า | C2: ม้วนใส (กก.) | D2: ม้วนพิมพ์ (กก.) | E2: ถุงคลุม/ชีท (กก.) | F2: ฟิล์มยืด(กก.) | G2: ถุงหลอด(กก.) | H2: รวม (กก.) | I2: หมายเหตุ | L2: ลำดับที่ | M2: ลูกค้า | N2: 1สี (กก.) | O2: 2สี (กก.) | P2: 3สี (กก.) | Q2: 4สี (กก.) | R2: 6สี (กก.) | S2: 8สี (กก.) | T2: รวม (กก.) | V2: ลำดับที่ | W2: ลูกค้า | X2: BWP | Y2: ว่องไท | Z2: รวม (กก.) | AB2: ลำดับที่ | AC2: ลูกค้า | AD2: ผลิตเอง (กก.) | AE2: จำนวน( ใบ.) | AF2: จ้างภายนอก (กก.) | AG2: รวม (กก.)
A3: 1 | B3: ไทยน้ำทิพย์ | C3: 181757.49 | D3: 0 | E3: 0 | F3: 0 | G3: 0 | H3: =+C3+D3+E3+F3+G3 -> 181757.49 | J3: =+H3*100/H49 -> 28.137594 | L3: 1 | M3: ที.ซีฟาร์มาฯ | N3: 0 | O3: 2976.61 | P3: 0 | Q3: 0 | R3: 0 | S3: 0 | T3: =N3+O3+P3+Q3+R3+S3 -> 2976.61 | U3: =+T3*100/T9 -> 4.1950029 | V3: 1 | W3: ที.ซีฟาร์มาฯ | X3: 2976.61 | Y3: 0 | Z3: =+X3+Y3 -> 2976.61 | AB3: 1 | AC3: สยามอุตสาหกรรมวัสดุทนไฟ | AD3: 8349.98 | AE3: 46100 | AF3: 0 | AG3: =+AD3+AF3 -> 8349.98
A4: 2 | B4: ที.ซีฟาร์มาฯ | C4: 159990.76 | D4: 2976.61 | E4: 0 | F4: 0 | G4: 0 | H4: =+C4+D4+E4+F4+G4 -> 162967.37 | I4: BWP | J4: =+H4*100/H49 -> 25.228725 | L4: 2 | M4: กรีนสปอต | N4: 615.15 | O4: 42710.19 | P4: 0 | Q4: 0 | R4: 0 | S4: 0 | T4: =N4+O4+P4+Q4+R4+S4 -> 43325.34 | U4: =+T4*100/T9 -> 61.059368 | V4: 2 | W4: กรีนสปอต | X4: 43325.34 | Y4: 0 | Z4: =+X4+Y4 -> 43325.34 | AB4: 2 | AC4: เอ็น พลัส ชัพพลาย | AD4: 1551.2 | AE4: 1400 | AF4: 0 | AG4: =+AD4+AF4 -> 1551.2
A5: 3 | B5: โอสถสภา | C5: 58257.7 | D5: 0 | E5: 0 | F5: 0 | G5: 0 | H5: =+C5+D5+E5+F5+G5 -> 58257.7 | J5: =+H5*100/H49 -> 9.0187839 | L5: 3 | M5: ฟรีสแลนด์คัมพิน่า | N5: 0 | O5: 12471.69 | P5: 0 | Q5: 0 | R5: 0 | S5: 0 | T5: =N5+O5+P5+Q5+R5+S5 -> 12471.69 | U5: =+T5*100/T9 -> 17.576631 | V5: 3 | W5: ฟรีสแลนด์คัมพิน่า | X5: 12471.69 | Y5: 0 | Z5: =+X5+Y5 -> 12471.69 | AB5: 3 | AC5: ปูนซิเมนต์ไทย(ท่าหลวง)(โรงงานเขาวง) | AD5: 825 | AE5: 5000 | AF5: 0 | AG5: =+AD5+AF5 -> 825
A6: 4 | B6: หาดทิพย์ | C6: 50830.61 | D6: 0 | E6: 0 | F6: 0 | G6: 0 | H6: =+C6+D6+E6+F6+G6 -> 50830.61 | J6: =+H6*100/H49 -> 7.8690076 | L6: 4 | M6: โตโยไซกัน | N6: 0 | O6: 7864.15 | P6: 0 | Q6: 0 | R6: 0 | S6: 0 | T6: =N6+O6+P6+Q6+R6+S6 -> 7864.15 | U6: =+T6*100/T9 -> 11.083122 | V6: 4 | W6: โตโยไซกัน | X6: 7864.15 | Y6: 0 | Z6: =+X6+Y6 -> 7864.15 | AB6: 4 | AC6: สยามกลาสอยุธยา | AD6: 502.3 | AE6: 1000 | AF6: 0 | AG6: =+AD6+AF6 -> 502.3
A7: 5 | B7: กรีนสปอต | C7: 4930.07 | D7: 43325.34 | E7: 0 | F7: 0 | G7: 0 | H7: =+C7+D7+E7+F7+G7 -> 48255.41 | I7: BWP | J7: =+H7*100/H49 -> 7.4703449 | L7: 5 | M7: สหกรณ์โคนมหนองโพ | N7: 0 | O7: 2236.9 | P7: 0 | Q7: 0 | R7: 0 | S7: 0 | T7: =N7+O7+P7+Q7+R7+S7 -> 2236.9 | U7: =+T7*100/T9 -> 3.1525131 | V7: 5 | W7: สหกรณ์โคนมหนองโพ | X7: 2236.9 | Y7: 0 | Z7: =+X7+Y7 -> 2236.9 | AB7: 5 | AC7: สยาม แกรนด์-เทค | AD7: 320 | AE7: 800 | AF7: 0 | AG7: =+AD7+AF7 -> 320
A8: 6 | B8: เสริมสุข | C8: 26641.15 | D8: 0 | E8: 0 | F8: 0 | G8: 0 | H8: =+C8+D8+E8+F8+G8 -> 26641.15 | J8: =+H8*100/H49 -> 4.124275 | L8: 6 | M8: ยูนิ-เพรสซิเดนท์ | N8: 0 | O8: 2081.4 | P8: 0 | Q8: 0 | R8: 0 | S8: 0 | T8: =N8+O8+P8+Q8+R8+S8 -> 2081.4 | U8: =+T8*100/T9 -> 2.9333634 | V8: 6 | W8: ยูนิ-เพรสซิเดนท์ | X8: 2081.4 | Y8: 0 | Z8: =+X8+Y8 -> 2081.4 | AC8: ผลรวม | AD8: =SUM(AD3:AD7) -> 11548.48 | AE8: =SUM(AE3:AE7) -> 54300 | AF8: =SUM(AF3:AF7) -> 0 | AG8: =SUM(AG3:AG7) -> 11548.48
A9: 7 | B9: ทิพย์นที (2005) | C9: 18313.05 | D9: 0 | E9: 0 | F9: 0 | G9: 0 | H9: =+C9+D9+E9+F9+G9 -> 18313.05 | J9: =+H9*100/H49 -> 2.8350148 | M9: ผลรวม | N9: =SUM(N3:N8) -> 615.15 | O9: =SUM(O3:O8) -> 70340.94 | P9: =SUM(P3:P8) -> 0 | Q9: =SUM(Q3:Q8) -> 0 | R9: =SUM(R3:R8) -> 0 | S9: =SUM(S3:S8) -> 0 | T9: =SUM(T3:T8) -> 70956.09 | W9: ผลรวม | X9: =SUM(X3:X8) -> 70956.09 | Y9: =SUM(Y3:Y8) -> 0 | Z9: =SUM(Z3:Z8) -> 70956.09
A10: 8 | B10: ฟรีสแลนด์คัมพิน่า | C10: 0 | D10: 12471.69 | E10: 0 | F10: 0 | G10: 0 | H10: =+C10+D10+E10+F10+G10 -> 12471.69 | I10: BWP | J10: =+H10*100/H49 -> 1.9307229
A11: 9 | B11: โตโยไซกัน | C11: 3986.4 | D11: 7864.15 | E11: 0 | F11: 0 | G11: 0 | H11: =+C11+D11+E11+F11+G11 -> 11850.55 | I11: BWP | J11: =+H11*100/H49 -> 1.8345652 | N11: =+N9*100/T9 -> 0.86694461 | O11: =+O9*100/T9 -> 99.133055 | P11: =+P9*100/T9 -> 0 | Q11: =+Q9*100/T9 -> 0 | R11: =+R9*100/T9 -> 0 | S11: =+S9*100/T9 -> 0 | X11: =+X9*100/Z9 -> 100 | Y11: =+Y9*100/Z9 -> 0
A12: 10 | B12: สยามอุตสาหกรรมวัสดุทนไฟ | C12: 0 | D12: 0 | E12: 8349.98 | F12: 0 | G12: 0 | H12: =+C12+D12+E12+F12+G12 -> 8349.98 | J12: =+H12*100/H49 -> 1.2926474
A13: 11 | B13: สหกรณ์โคนมหนองโพ | C13: 4971.7 | D13: 2236.9 | E13: 0 | F13: 0 | G13: 0 | H13: =+C13+D13+E13+F13+G13 -> 7208.6 | I13: BWP
A14: 12 | B14: กรีนสวิลล์ | C14: 6036.4 | D14: 0 | E14: 0 | F14: 0 | G14: 0 | H14: =+C14+D14+E14+F14+G14 -> 6036.4
A15: 13 | B15: อินคาวอเตอร์ | C15: 5982.95 | D15: 0 | E15: 0 | F15: 0 | G15: 0 | H15: =+C15+D15+E15+F15+G15 -> 5982.95
A16: 14 | B16: Lao Coca-Col | C16: 5976.1 | D16: 0 | E16: 0 | F16: 0 | G16: 0 | H16: =+C16+D16+E16+F16+G16 -> 5976.1
A17: 15 | B17: ผลิตภัณฑ์ตราเพชร | C17: 4971.1 | E17: 0 | F17: 0 | G17: 0 | H17: =+C17+D17+E17+F17+G17 -> 4971.1
A18: 16 | B18: พลอยพรรณราย อินดัสตรี | C18: 3885.05 | D18: 0 | E18: 0 | F18: 0 | G18: 0 | H18: =+C18+D18+E18+F18+G18 -> 3885.05
A19: 17 | B19: ขายยาเพ็ญภาค | C19: 2994.75 | D19: 0 | E19: 0 | F19: 0 | G19: 0 | H19: =+C19+D19+E19+F19+G19 -> 2994.75
A20: 18 | B20: ชิโคะคุ | C20: 2969.05 | D20: 0 | E20: 0 | F20: 0 | G20: 0 | H20: =+C20+D20+E20+F20+G20 -> 2969.05
A21: 19 | B21: เพชรพาณิชย์ เบฟเวอเรจ | C21: 2927.95 | D21: 0 | E21: 0 | F21: 0 | G21: 0 | H21: =+C21+D21+E21+F21+G21 -> 2927.95
A22: 20 | B22: ฐิติภัณฑ์ อินเตอร์พลัส | C22: 2701.6 | D22: 0 | E22: 0 | F22: 0 | G22: 0 | H22: =+C22+D22+E22+F22+G22 -> 2701.6
A23: 21 | B23: เถิงธง | C23: 2573.7 | D23: 0 | E23: 0 | F23: 0 | G23: 0 | H23: =+C23+D23+E23+F23+G23 -> 2573.7
A24: 22 | B24: ยูนิ-เพรสซิเดนท์ | C24: 0 | D24: 2081.4 | E24: 0 | F24: 0 | G24: 0 | H24: =+C24+D24+E24+F24+G24 -> 2081.4 | I24: BWP
A25: 23 | B25: ซันสวีท | C25: 1952.45 | D25: 0 | E25: 0 | F25: 0 | G25: 0 | H25: =+C25+D25+E25+F25+G25 -> 1952.45
A26: 24 | B26: เซเว่นสตาร์ | C26: 1792.65 | D26: 0 | E26: 0 | F26: 0 | G26: 0 | H26: =+C26+D26+E26+F26+G26 -> 1792.65
A27: 25 | B27: ที.ที.วิน เอ็นจิเนียริ่ง | C27: 1771 | D27: 0 | E27: 0 | F27: 0 | G27: 0 | H27: =+C27+D27+E27+F27+G27 -> 1771
A28: 26 | B28: เอ็น พลัส ชัพพลาย | C28: 0 | D28: 0 | E28: 1551.2 | F28: 0 | G28: 0 | H28: =+C28+D28+E28+F28+G28 -> 1551.2
A29: 27 | B29: สุรใจฟู้ดส์อินดัสทรี | C29: 1028.9 | D29: 0 | E29: 0 | F29: 0 | G29: 0 | H29: =+C29+D29+E29+F29+G29 -> 1028.9
A30: 28 | B30: พรีมา เบฟเวอเรจ | C30: 0 | D30: 0 | E30: 0 | F30: 994.7385 | G30: 0 | H30: =+C30+D30+E30+F30+G30 -> 994.7385
A31: 29 | B31: จอมธนา | C31: 940.6 | D31: 0 | E31: 0 | F31: 0 | G31: 0 | H31: =+C31+D31+E31+F31+G31 -> 940.6
A32: 30 | B32: ปูนซิเมนต์ไทย(ท่าหลวง)(โรงงานเขาวง) | C32: 0 | D32: 0 | E32: 825 | F32: 0 | G32: 0 | H32: =+C32+D32+E32+F32+G32 -> 825
A33: 31 | B33: นอริตาเก้ เอสซีจี พลาสเตอร์ | C33: 0 | D33: 0 | E33: 0 | F33: 663 | G33: 0 | H33: =+C33+D33+E33+F33+G33 -> 663
A34: 32 | B34: โพลิเมอร์เอเชีย | C34: 0 | D34: 0 | E34: 0 | F34: 621 | G34: 0 | H34: =+C34+D34+E34+F34+G34 -> 621
A35: 33 | B35: น้ำมันบริโภค | C35: 589.45 | D35: 0 | E35: 0 | F35: 0 | G35: 0 | H35: =+C35+D35+E35+F35+G35 -> 589.45
A36: 34 | B36: สยามกลาสอยุธยา | C36: 0 | D36: 0 | E36: 502.3 | F36: 0 | G36: 0 | H36: =+C36+D36+E36+F36+G36 -> 502.3
... A48: 46 | B48: เมทัลเซิร์ฟ | C48: 0 | D48: 0 | E48: 0 | F48: 12.42 | G48: 0 | H48: =+C48+D48+E48+F48+G48 -> 12.42
A49: ผลรวม | C49: =SUM(C3:C48) -> 560178.23 | D49: =SUM(D3:D48) -> 70956.09 | E49: =SUM(E3:E48) -> 11548.48 | F49: =SUM(F3:F48) -> 3276.7985 | G49: =SUM(G3:G48) -> 0 | H49: =SUM(H3:H48) -> 645959.6
C51: =+C49*100/H49 -> 86.72032 | D51: =+D49*100/H49 -> 10.984602 | E51: =+E49*100/H49 -> 1.7878022 | F51: =+F49*100/H49 -> 0.50727608 | G51: =+G49*100/H49 -> 0
A57: สรุปยอดขายแยกประเภทสินค้าประจำปี 2568 | L57: สรุปงานพิมพ์ ประจำปี 2568 | V57: สรุป Supplier งานพิมพ์ ประจำปี 2568 | AB57: ถุงคลุม/ชีท ประจำปี 2568
A58: ลำดับที่ | B58: เดือน | C58: ม้วนใส (กก.) | D58: ม้วนพิมพ์ (กก.) | E58: ถุงคลุม/ชีท (กก.) | F58: ฟิล์มยืด(กก,) | G58: ถุงหลอด(กก.) | H58: รวม (กก.) | I58: หมายเหตุ | L58: ลำดับที่ | M58: เดือน | N58: 1สี (กก.) | O58: 2สี (กก.) | P58: 3สี (กก.) | Q58: 4สี (กก.) | R58: 6สี (กก.) | S58: 8สี (กก.) | T58: รวม (กก.) | V58: ลำดับที่ | W58: เดือน | X58: BWP | Y58: ว่องไท | Z58: รวม (กก.) | AB58: ลำดับที่ | AC58: ลูกค้า | AD58: ผลิตเอง (กก.) | AE58: จำนวน( ใบ.) | AF58: จ้างภายนอก (กก.) | AG58: รวม (กก.)
A59: 1 | B59: มกราคม | C59: 438464.53 | D59: 108239.81 | E59: 10409.94 | F59: 1826.78 | G59: 0 | H59: =+C59+D59+E59+F59+G59 -> 558941.06 | L59: 1 | M59: มกราคม | N59: 593.65 | O59: 107609.76 | P59: 0 | Q59: 0 | R59: 0 | S59: 36.4 | T59: =+N59+O59 -> 108203.41 | V59: 1 | W59: มกราคม | X59: 102484.55 | Y59: 5755.26 | Z59: =+X59+Y59 -> 108239.81 | AB59: 1 | AC59: มกราคม | AD59: 10409.942 | AE59: 22800 | AF59: 0 | AG59: =+AD59+AF59 -> 10409.942
A60: 2 | B60: กุมภาพันธ์ | H60: =+C60+D60+E60+F60+G60 -> 0 | L60: 2 | M60: กุมภาพันธ์ | T60: =+N60+O60 -> 0 | V60: 2 | W60: กุมภาพันธ์ | Z60: =+X60+Y60 -> 0 | AB60: 2 | AC60: กุมภาพันธ์ | AD60: 0 | AE60: 0 | AF60: 0 | AG60: =+AD60+AF60 -> 0
A61: 3 | B61: มีนาคม | C61: 521075.59 | D61: 118235.74 | E61: 10580.639 | F61: 3446.84 | G61: 0 | H61: =+C61+D61+E61+F61+G61 -> 653338.81 | L61: 3 | M61: มีนาคม | N61: 1436.5 | O61: 112027.54 | P61: 296.5 | Q61: 0 | R61: 4475.2 | S61: 0 | T61: =+N61+O61 -> 113464.04 | V61: 3 | W61: มีนาคม | X61: 111893.06 | Y61: 6342.68 | Z61: =+X61+Y61 -> 118235.74 | AB61: 3 | AC61: มีนาคม | AD61: 10580.639 | AE61: 42360 | AF61: 0 | AG61: =+AD61+AF61 -> 10580.639
A62: 4 | B62: เมษายน | C62: 638737.29 | D62: 70316.38 | E62: 7440.08 | F62: 1536.02 | G62: 2447 | H62: =+C62+D62+E62+F62+G62 -> 720476.77 | L62: 4 | M62: เมษายน | N62: 762.21 | O62: 57127.32 | P62: 41.71 | Q62: 990.75 | R62: 11394.4 | S62: 0 | T62: =+N62+O62 -> 57889.53 | V62: 4 | W62: เมษายน | X62: 70956.09 | Y62: 0 | Z62: =+X62+Y62 -> 70956.09 | AB62: 4 | AC62: เมษายน | AD62: 7440.08 | AE62: 37500 | AF62: 2447 | AG62: =+AD62+AF62 -> 9887.08
A63: 5 | B63: พฤษภาคม | C63: 560178.23 | D63: 70956.09 | E63: 11548.48 | F63: 3276.7985 | G63: 0 | H63: =+C63+D63+E63+F63+G63 -> 645959.6 | L63: 5 | M63: พฤษภาคม | N63: 615.15 | O63: 70340.94 | P63: 0 | Q63: 0 | R63: 0 | S63: 0 | T63: =+N63+O63 -> 70956.09 | V63: 5 | W63: พฤษภาคม | Z63: =+X63+Y63 -> 0 | AB63: 5 | AC63: พฤษภาคม | AD63: 11548.48 | AE63: 54300 | AF63: 0 | AG63: =+AD63+AF63 -> 11548.48
A64: 6 | B64: มิถุนายน | H64: =+C64+D64+E64+F64+G64 -> 0 | L64: 6 | M64: มิถุนายน | T64: =+N64+O64 -> 0 | V64: 6 | W64: มิถุนายน | Z64: =+X64+Y64 -> 0 | AB64: 6 | AC64: มิถุนายน | AD64: 0 | AE64: 0 | AF64: =AF13 -> 0 | AG64: =+AD64+AF64 -> 0
A65: 7 | B65: กรกฎาคม | H65: =+C65+D65+E65+F65+G65 -> 0 | L65: 7 | M65: กรกฎาคม | T65: =+N65+O65 -> 0 | V65: 7 | W65: กรกฎาคม | Z65: =+X65+Y65 -> 0 | AB65: 7 | AC65: กรกฎาคม | AD65: 0 | AE65: 0 | AF65: =AF14 -> 0 | AG65: =+AD65+AF65 -> 0
A66: 8 | B66: สิงหาคม | H66: =+C66+D66+E66+F66+G66 -> 0 | L66: 8 | M66: สิงหาคม | T66: =+N66+O66 -> 0 | V66: 8 | W66: สิงหาคม | Z66: =+X66+Y66 -> 0 | AB66: 8 | AC66: สิงหาคม | AD66: 0 | AE66: 0 | AF66: =AF15 -> 0 | AG66: =+AD66+AF66 -> 0
A67: 9 | B67: กันยายน | H67: =+C67+D67+E67+F67+G67 -> 0 | L67: 9 | M67: กันยายน | T67: =+N67+O67 -> 0 | V67: 9 | W67: กันยายน | Z67: =+X67+Y67 -> 0 | AB67: 9 | AC67: กันยายน | AD67: 0 | AE67: 0 | AF67: =AF16 -> 0 | AG67: =+AD67+AF67 -> 0
A68: 10 | B68: ตุลาคม | H68: =+C68+D68+E68+F68+G68 -> 0 | L68: 10 | M68: ตุลาคม | T68: =+N68+O68 -> 0 | V68: 10 | W68: ตุลาคม | Z68: =+X68+Y68 -> 0 | AB68: 10 | AC68: ตุลาคม | AD68: 0 | AE68: 0 | AF68: =AF17 -> 0 | AG68: =+AD68+AF68 -> 0
A69: 11 | B69: พฤศจิกายน | H69: =+C69+D69+E69+F69+G69 -> 0 | L69: 11 | M69: พฤศจิกายน | T69: =+N69+O69 -> 0 | V69: 11 | W69: พฤศจิกายน | Z69: =+X69+Y69 -> 0 | AB69: 11 | AC69: พฤศจิกายน | AD69: 0 | AE69: 0 | AF69: =AF18 -> 0 | AG69: =+AD69+AF69 -> 0
A70: 12 | B70: ธันวาคม | H70: =+C70+D70+E70+F70+G70 -> 0 | L70: 12 | M70: ธันวาคม | T70: =+N70+O70 -> 0 | V70: 12 | W70: ธันวาคม | Z70: =+X70+Y70 -> 0 | AB70: 12 | AC70: ธันวาคม | AD70: 0 | AE70: 0 | AF70: =AF19 -> 0 | AG70: =+AD70+AF70 -> 0
